game_id,date,game_day,season,away_team,home_team,away_team_id,home_team_id,away_score,home_score,away_rank,home_rank,game_status,game_url,is_neutral,home_record,away_record,home_point_spread,home_moneyline,away_moneyline,has_real_odds,home_fs_rolling_win_pct_5,home_fs_rolling_win_pct_10,home_fs_rolling_point_diff_avg_5,home_fs_rolling_point_diff_avg_10,home_fs_win_pct_last5_vs10,home_fs_point_diff_last5_vs10,home_fs_recent_strength_index_5,away_fs_rolling_win_pct_5,away_fs_rolling_win_pct_10,away_fs_rolling_point_diff_avg_5,away_fs_rolling_point_diff_avg_10,away_fs_win_pct_last5_vs10,away_fs_point_diff_last5_vs10,away_fs_recent_strength_index_5
401831230,2025-11-23,2025-11-23,2025-26,Clemson Tigers,Georgia Bulldogs,228,61,0,0,,,Scheduled,https://www.espn.com/mens-college-basketball/game/_/gameId/401831230,0,,,,105.0,-125.0,True,,,,,,,,,,,,,,
401827154,2025-11-23,2025-11-23,2025-26,SIU Edwardsville Cougars,Alabama State Hornets,2565,2011,0,0,,,Scheduled,https://www.espn.com/mens-college-basketball/game/_/gameId/401827154,0,,,,120.0,-140.0,True,,,,,,,,,,,,,,
401827131,2025-11-23,2025-11-23,2025-26,Arkansas-Pine Bluff Golden Lions,Miami (OH) RedHawks,2029,193,0,0,,,Scheduled,https://www.espn.com/mens-college-basketball/game/_/gameId/401827131,0,,,,-6000.0,1800.0,True,,,,,,,,,,,,,,
401813351,2025-11-23,2025-11-23,2025-26,Binghamton Bearcats,Canisius Golden Griffins,2066,2099,0,0,,,Scheduled,https://www.espn.com/mens-college-basketball/game/_/gameId/401813351,0,,,,-145.0,125.0,True,,,,,,,,,,,,,,
401809418,2025-11-23,2025-11-23,2025-26,Delaware State Hornets,Miami Hurricanes,2169,2390,0,0,,,Scheduled,https://www.espn.com/mens-college-basketball/game/_/gameId/401809418,0,,,,,,False,,,,,,,,,,,,,,
401831212,2025-11-23,2025-11-23,2025-26,Prairie View A&M Panthers,North Florida Ospreys,2504,2454,0,0,,,Scheduled,https://www.espn.com/mens-college-basketball/game/_/gameId/401831212,0,,,,165.0,-195.0,True,,,,,,,,,,,,,,
401829279,2025-11-23,2025-11-23,2025-26,South Carolina State Bulldogs,South Dakota Coyotes,2569,233,0,0,,,Scheduled,https://www.espn.com/mens-college-basketball/game/_/gameId/401829279,0,,,,-1800.0,900.0,True,,,,,,,,,,,,,,
401827514,2025-11-23,2025-11-23,2025-26,Old Dominion Monarchs,Drexel Dragons,295,2182,0,0,,,Scheduled,https://www.espn.com/mens-college-basketball/game/_/gameId/401827514,0,,,,-150.0,130.0,True,,,,,,,,,,,,,,
401826780,2025-11-23,2025-11-23,2025-26,Alcorn State Braves,Oklahoma Sooners,2016,201,0,0,,,Scheduled,https://www.espn.com/mens-college-basketball/game/_/gameId/401826780,0,,,,,,False,,,,,,,,,,,,,,
401825386,2025-11-23,2025-11-23,2025-26,West Georgia Wolves,Georgia Tech Yellow Jackets,2698,59,0,0,,,Scheduled,https://www.espn.com/mens-college-basketball/game/_/gameId/401825386,0,,,,-4000.0,1300.0,True,,,,,,,,,,,,,,
401823502,2025-11-23,2025-11-23,2025-26,Eastern Washington Eagles,Central Arkansas Bears,331,2110,0,0,,,Scheduled,https://www.espn.com/mens-college-basketball/game/_/gameId/401823502,0,,,,195.0,-230.0,True,,,,,,,,,,,,,,
401823173,2025-11-23,2025-11-23,2025-26,Northern Colorado Bears,Cal State Fullerton Titans,2458,2239,0,0,,,Scheduled,https://www.espn.com/mens-college-basketball/game/_/gameId/401823173,0,,,,340.0,-450.0,True,,,,,,,,,,,,,,
401820800,2025-11-23,2025-11-23,2025-26,Shaw Bears,Charlotte 49ers,2551,2429,0,0,,,Scheduled,https://www.espn.com/mens-college-basketball/game/_/gameId/401820800,0,,,,,,False,,,,,,,,,,,,,,
401818552,2025-11-23,2025-11-23,2025-26,Brown Bears,Maine Black Bears,225,311,0,0,,,Scheduled,https://www.espn.com/mens-college-basketball/game/_/gameId/401818552,0,,,,135.0,-155.0,True,,,,,,,,,,,,,,
401818371,2025-11-23,2025-11-23,2025-26,Longwood Lancers,Columbia Lions,2344,171,0,0,,,Scheduled,https://www.espn.com/mens-college-basketball/game/_/gameId/401818371,0,,,,-170.0,145.0,True,,,,,,,,,,,,,,
401817491,2025-11-23,2025-11-23,2025-26,Virginia Cavaliers,Butler Bulldogs,258,2086,0,0,,,Scheduled,https://www.espn.com/mens-college-basketball/game/_/gameId/401817491,0,,,,230.0,-280.0,True,,,,,,,,,,,,,,
401828303,2025-11-23,2025-11-23,2025-26,Southern Illinois Salukis,Delaware,79,48,0,0,,,Scheduled,https://www.espn.com/mens-college-basketball/game/_/gameId/401828303,0,,,,270.0,-340.0,True,,,,,,,,,,,,,,
401823402,2025-11-23,2025-11-23,2025-26,Robert Morris Colonials,Monmouth Hawks,2523,2405,0,0,,,Scheduled,https://www.espn.com/mens-college-basketball/game/_/gameId/401823402,0,,,,-170.0,145.0,True,,,,,,,,,,,,,,
401813400,2025-11-23,2025-11-23,2025-26,Mount St. Mary's Mountaineers,Western Michigan Broncos,116,2711,0,0,,,Scheduled,https://www.espn.com/mens-college-basketball/game/_/gameId/401813400,0,,,,-120.0,,True,,,,,,,,,,,,,,
401831231,2025-11-23,2025-11-23,2025-26,West Virginia Mountaineers,Xavier Musketeers,277,2752,0,0,,,Scheduled,https://www.espn.com/mens-college-basketball/game/_/gameId/401831231,0,,,,230.0,-280.0,True,,,,,,,,,,,,,,
401817233,2025-11-23,2025-11-23,2025-26,Howard Bison,Duke Blue Devils,47,150,0,0,,5.0,Scheduled,https://www.espn.com/mens-college-basketball/game/_/gameId/401817233,0,,,,,,False,,,,,,,,,,,,,,
401828291,2025-11-23,2025-11-23,2025-26,Lamar Cardinals,Montana Grizzlies,2320,149,0,0,,,Scheduled,https://www.espn.com/mens-college-basketball/game/_/gameId/401828291,0,,,,-270.0,220.0,True,,,,,,,,,,,,,,
401824889,2025-11-23,2025-11-23,2025-26,UL Monroe Warhawks,East Tennessee State Buccaneers,2433,2193,0,0,,,Scheduled,https://www.espn.com/mens-college-basketball/game/_/gameId/401824889,0,,,,-5000.0,1500.0,True,,,,,,,,,,,,,,
401824091,2025-11-23,2025-11-23,2025-26,St. Thomas-Minnesota Tommies,Portland Pilots,2900,2501,0,0,,,Scheduled,https://www.espn.com/mens-college-basketball/game/_/gameId/401824091,0,,,,190.0,-225.0,True,,,,,,,,,,,,,,
401823759,2025-11-23,2025-11-23,2025-26,Norfolk State Spartans,Wyoming Cowboys,2450,2751,0,0,,,Scheduled,https://www.espn.com/mens-college-basketball/game/_/gameId/401823759,0,,,,-2000.0,1000.0,True,,,,,,,,,,,,,,
401831213,2025-11-23,2025-11-23,2025-26,UT Martin Skyhawks,Southern Miss Golden Eagles,2630,2572,0,0,,,Scheduled,https://www.espn.com/mens-college-basketball/game/_/gameId/401831213,0,,,,-110.0,-110.0,True,,,,,,,,,,,,,,
401826914,2025-11-23,2025-11-23,2025-26,South Carolina Gamecocks,Northwestern Wildcats,2579,77,0,0,,,Scheduled,https://www.espn.com/mens-college-basketball/game/_/gameId/401826914,0,,,,-275.0,225.0,True,,,,,,,,,,,,,,
401823494,2025-11-23,2025-11-23,2025-26,Queens University Royals,Furman Paladins,2511,231,0,0,,,Scheduled,https://www.espn.com/mens-college-basketball/game/_/gameId/401823494,0,,,,-500.0,360.0,True,,,,,,,,,,,,,,
401820554,2025-11-23,2025-11-23,2025-26,IU Indianapolis Jaguars,Air Force Falcons,85,2005,0,0,,,Scheduled,https://www.espn.com/mens-college-basketball/game/_/gameId/401820554,0,,,,-175.0,150.0,True,,,,,,,,,,,,,,
401817446,2025-11-23,2025-11-23,2025-26,Quinnipiac Bobcats,Pittsburgh Panthers,2514,221,0,0,,,Scheduled,https://www.espn.com/mens-college-basketball/game/_/gameId/401817446,0,,,,-1400.0,750.0,True,,,,,,,,,,,,,,
401813258,2025-11-23,2025-11-23,2025-26,Coastal Carolina Chanticleers,Illinois State Redbirds,324,2287,0,0,,,Scheduled,https://www.espn.com/mens-college-basketball/game/_/gameId/401813258,0,,,,-1200.0,700.0,True,,,,,,,,,,,,,,
401808728,2025-11-23,2025-11-23,2025-26,McNeese Cowboys,George Washington Revolutionaries,2377,45,0,0,,,Scheduled,https://www.espn.com/mens-college-basketball/game/_/gameId/401808728,0,,,,-270.0,220.0,True,,,,,,,,,,,,,,
401831204,2025-11-23,2025-11-23,2025-26,Yale Bulldogs,Charleston Cougars,43,232,0,0,,,Scheduled,https://www.espn.com/mens-college-basketball/game/_/gameId/401831204,0,,,,220.0,-270.0,True,,,,,,,,,,,,,,
401830116,2025-11-23,2025-11-23,2025-26,Youngstown State Penguins,UNC Greensboro Spartans,2754,2430,0,0,,,Scheduled,https://www.espn.com/mens-college-basketball/game/_/gameId/401830116,0,,,,210.0,-250.0,True,,,,,,,,,,,,,,
401812790,2025-11-23,2025-11-23,2025-26,Bryant Bulldogs,Connecticut,2803,41,0,0,,3.0,Scheduled,https://www.espn.com/mens-college-basketball/game/_/gameId/401812790,0,,,,,,False,,,,,,,,,,,,,,
401823372,2025-11-23,2025-11-23,2025-26,Detroit Mercy Titans,DePaul Blue Demons,2174,305,0,0,,,Scheduled,https://www.espn.com/mens-college-basketball/game/_/gameId/401823372,0,,,,-7500.0,2000.0,True,,,,,,,,,,,,,,
401831228,2025-11-23,2025-11-23,2025-26,Tulane Green Wave,Boston College Eagles,2655,103,0,0,,,Scheduled,https://www.espn.com/mens-college-basketball/game/_/gameId/401831228,0,,,,-135.0,115.0,True,,,,,,,,,,,,,,
401829456,2025-11-23,2025-11-23,2025-26,North Dakota Fighting Hawks,Western Illinois Leathernecks,155,2710,0,0,,,Scheduled,https://www.espn.com/mens-college-basketball/game/_/gameId/401829456,0,,,,105.0,-125.0,True,,,,,,,,,,,,,,
401820212,2025-11-23,2025-11-23,2025-26,Mercyhurst Lakers,Marshall Thundering Herd,2385,276,0,0,,,Scheduled,https://www.espn.com/mens-college-basketball/game/_/gameId/401820212,0,,,,-1200.0,700.0,True,,,,,,,,,,,,,,
401822997,2025-11-23,2025-11-23,2025-26,Murray State Racers,Middle Tennessee Blue Raiders,93,2393,0,0,,,Scheduled,https://www.espn.com/mens-college-basketball/game/_/gameId/401822997,0,,,,260.0,-320.0,True,,,,,,,,,,,,,,
401831205,2025-11-23,2025-11-23,2025-26,Akron Zips,Evansville Purple Aces,2006,339,0,0,,,Scheduled,https://www.espn.com/mens-college-basketball/game/_/gameId/401831205,0,,,,700.0,-1200.0,True,,,,,,,,,,,,,,
401827067,2025-11-23,2025-11-23,2025-26,Winthrop Eagles,Jackson State Tigers,2737,2296,0,0,,,Scheduled,https://www.espn.com/mens-college-basketball/game/_/gameId/401827067,0,,,,400.0,-600.0,True,,,,,,,,,,,,,,
401831229,2025-11-23,2025-11-23,2025-26,Utah State Aggies,Davidson Wildcats,328,2166,0,0,,,Scheduled,https://www.espn.com/mens-college-basketball/game/_/gameId/401831229,0,,,,360.0,-500.0,True,,,,,,,,,,,,,,
401829680,2025-11-24,2025-11-24,2025-26,Troy Trojans,Toledo Rockets,2653,2649,0,0,,,Scheduled,https://www.espn.com/mens-college-basketball/game/_/gameId/401829680,0,,,,,,False,,,,,,,,,,,,,,
401809312,2025-11-24,2025-11-24,2025-26,Rhode Island Rams,Towson Tigers,227,119,0,0,,,Scheduled,https://www.espn.com/mens-college-basketball/game/_/gameId/401809312,0,,,,,,False,,,,,,,,,,,,,,
401824064,2025-11-24,2025-11-24,2025-26,Stony Brook Seawolves,Pacific Tigers,2619,279,0,0,,,Scheduled,https://www.espn.com/mens-college-basketball/game/_/gameId/401824064,0,,,,,,False,,,,,,,,,,,,,,
401823420,2025-11-24,2025-11-24,2025-26,Bucknell Bison,Bowling Green Falcons,2083,189,0,0,,,Scheduled,https://www.espn.com/mens-college-basketball/game/_/gameId/401823420,0,,,,,,False,,,,,,,,,,,,,,
401812287,2025-11-24,2025-11-24,2025-26,East Texas A&M Lions,Fairleigh Dickinson Knights,2837,161,0,0,,,Scheduled,https://www.espn.com/mens-college-basketball/game/_/gameId/401812287,0,,,,,,False,,,,,,,,,,,,,,
401831211,2025-11-24,2025-11-24,2025-26,Massachusetts Minutemen,Oregon State Beavers,113,204,0,0,,,Scheduled,https://www.espn.com/mens-college-basketball/game/_/gameId/401831211,0,,,,,,False,,,,,,,,,,,,,,
401827435,2025-11-24,2025-11-24,2025-26,Tennessee Volunteers,Rutgers Scarlet Knights,2633,164,0,0,20.0,,Scheduled,https://www.espn.com/mens-college-basketball/game/_/gameId/401827435,0,,,,,,False,,,,,,,,,,,,,,
401829681,2025-11-24,2025-11-24,2025-26,Belmont Bruins,Saint Francis Red Flash,2057,2598,0,0,,,Scheduled,https://www.espn.com/mens-college-basketball/game/_/gameId/401829681,0,,,,,,False,,,,,,,,,,,,,,
401827731,2025-11-24,2025-11-24,2025-26,UAB,Southern Illinois Salukis,5,79,0,0,,,Scheduled,https://www.espn.com/mens-college-basketball/game/_/gameId/401827731,0,,,,,,False,,,,,,,,,,,,,,
401809393,2025-11-24,2025-11-24,2025-26,Liberty Flames,Vermont Catamounts,2335,261,0,0,,,Scheduled,https://www.espn.com/mens-college-basketball/game/_/gameId/401809393,0,,,,,,False,,,,,,,,,,,,,,
401823344,2025-11-24,2025-11-24,2025-26,Jacksonville Dolphins,Bethune-Cookman Wildcats,294,2065,0,0,,,Scheduled,https://www.espn.com/mens-college-basketball/game/_/gameId/401823344,0,,,,,,False,,,,,,,,,,,,,,
401819826,2025-11-24,2025-11-24,2025-26,Creighton Bluejays,Baylor Bears,156,239,0,0,,,Scheduled,https://www.espn.com/mens-college-basketball/game/_/gameId/401819826,0,,,,-195.0,165.0,True,,,,,,,,,,,,,,
401817256,2025-11-24,2025-11-24,2025-26,Seton Hall Pirates,NC State Wolfpack,2550,152,0,0,,25.0,Scheduled,https://www.espn.com/mens-college-basketball/game/_/gameId/401817256,0,,,,,,False,,,,,,,,,,,,,,
401823430,2025-11-24,2025-11-24,2025-26,VMI Keydets,Buffalo Bulls,2678,2084,0,0,,,Scheduled,https://www.espn.com/mens-college-basketball/game/_/gameId/401823430,0,,,,,,False,,,,,,,,,,,,,,
401831210,2025-11-24,2025-11-24,2025-26,Green Bay Phoenix,Iona Gaels,2739,314,0,0,,,Scheduled,https://www.espn.com/mens-college-basketball/game/_/gameId/401831210,0,,,,,,False,,,,,,,,,,,,,,
401826045,2025-11-24,2025-11-24,2025-26,Grambling Tigers,UC Riverside Highlanders,2755,27,0,0,,,Scheduled,https://www.espn.com/mens-college-basketball/game/_/gameId/401826045,0,,,,,,False,,,,,,,,,,,,,,
401817436,2025-11-24,2025-11-24,2025-26,Notre Dame Fighting Irish,Kansas Jayhawks,87,2305,0,0,,24.0,Scheduled,https://www.espn.com/mens-college-basketball/game/_/gameId/401817436,0,,,,-290.0,240.0,True,,,,,,,,,,,,,,
401827506,2025-11-24,2025-11-24,2025-26,William & Mary Tribe,UTEP Miners,2729,2638,0,0,,,Scheduled,https://www.espn.com/mens-college-basketball/game/_/gameId/401827506,0,,,,,,False,,,,,,,,,,,,,,
401826872,2025-11-24,2025-11-24,2025-26,Lamar Cardinals,Oakland Golden Grizzlies,2320,2473,0,0,,,Scheduled,https://www.espn.com/mens-college-basketball/game/_/gameId/401826872,0,,,,,,False,,,,,,,,,,,,,,
401819874,2025-11-24,2025-11-24,2025-26,St. John's Red Storm,Iowa State Cyclones,2599,66,0,0,14.0,16.0,Scheduled,https://www.espn.com/mens-college-basketball/game/_/gameId/401819874,0,,,,-125.0,105.0,True,,,,,,,,,,,,,,
401828338,2025-11-24,2025-11-24,2025-26,Rice Owls,Kennesaw State Owls,242,338,0,0,,,Scheduled,https://www.espn.com/mens-college-basketball/game/_/gameId/401828338,0,,,,,,False,,,,,,,,,,,,,,
401809394,2025-11-24,2025-11-24,2025-26,Temple Owls,UC San Diego,218,28,0,0,,,Scheduled,https://www.espn.com/mens-college-basketball/game/_/gameId/401809394,0,,,,,,False,,,,,,,,,,,,,,
401823818,2025-11-24,2025-11-24,2025-26,USC Trojans,Boise State Broncos,30,68,0,0,,,Scheduled,https://www.espn.com/mens-college-basketball/game/_/gameId/401823818,0,,,,,,False,,,,,,,,,,,,,,
401817146,2025-11-24,2025-11-24,2025-26,Middle Tennessee Blue Raiders,George Washington Revolutionaries,2393,45,0,0,,,Scheduled,https://www.espn.com/mens-college-basketball/game/_/gameId/401817146,0,,,,,,False,,,,,,,,,,,,,,
401831209,2025-11-24,2025-11-24,2025-26,TBD,TBD,-2,-1,0,0,,,Scheduled,https://www.espn.com/mens-college-basketball/game/_/gameId/401831209,0,,,,,,False,,,,,,,,,,,,,,
401817481,2025-11-24,2025-11-24,2025-26,Syracuse Orange,Houston Cougars,183,248,0,0,,2.0,Scheduled,https://www.espn.com/mens-college-basketball/game/_/gameId/401817481,0,,,,-700.0,450.0,True,,,,,,,,,,,,,,
401826701,2025-11-24,2025-11-24,2025-26,Ohio Bobcats,George Mason Patriots,195,2244,0,0,,,Scheduled,https://www.espn.com/mens-college-basketball/game/_/gameId/401826701,0,,,,,,False,,,,,,,,,,,,,,
401826054,2025-11-24,2025-11-24,2025-26,Notre Dame (MD) Gators,UMBC Retrievers,128342,2378,0,0,,,Scheduled,https://www.espn.com/mens-college-basketball/game/_/gameId/401826054,0,,,,,,False,,,,,,,,,,,,,,
401812665,2025-11-24,2025-11-24,2025-26,Siena Saints,Holy Cross Crusaders,2561,107,0,0,,,Scheduled,https://www.espn.com/mens-college-basketball/game/_/gameId/401812665,0,,,,,,False,,,,,,,,,,,,,,
401829490,2025-11-24,2025-11-24,2025-26,Youngstown State Penguins,Georgia Southern Eagles,2754,290,0,0,,,Scheduled,https://www.espn.com/mens-college-basketball/game/_/gameId/401829490,0,,,,,,False,,,,,,,,,,,,,,
401826734,2025-11-24,2025-11-24,2025-26,Elon Phoenix,Appalachian St,2210,2026,0,0,,,Scheduled,https://www.espn.com/mens-college-basketball/game/_/gameId/401826734,0,,,,,,False,,,,,,,,,,,,,,
401817244,2025-11-24,2025-11-24,2025-26,Eastern Michigan Eagles,Louisville Cardinals,2199,97,0,0,,6.0,Scheduled,https://www.espn.com/mens-college-basketball/game/_/gameId/401817244,0,,,,,,False,,,,,,,,,,,,,,
401829045,2025-11-24,2025-11-24,2025-26,James Madison Dukes,Florida International,256,2229,0,0,,,Scheduled,https://www.espn.com/mens-college-basketball/game/_/gameId/401829045,0,,,,,,False,,,,,,,,,,,,,,
401828672,2025-11-24,2025-11-24,2025-26,Marywood Pacers,American University Eagles,2374,44,0,0,,,Scheduled,https://www.espn.com/mens-college-basketball/game/_/gameId/401828672,0,,,,,,False,,,,,,,,,,,,,,
401827214,2025-11-24,2025-11-24,2025-26,Texas Lutheran Bulldogs,Texas State Bobcats,2639,326,0,0,,,Scheduled,https://www.espn.com/mens-college-basketball/game/_/gameId/401827214,0,,,,,,False,,,,,,,,,,,,,,
401823386,2025-11-24,2025-11-24,2025-26,Eastern Kentucky Colonels,Northern Kentucky,2198,94,0,0,,,Scheduled,https://www.espn.com/mens-college-basketball/game/_/gameId/401823386,0,,,,,,False,,,,,,,,,,,,,,
401823229,2025-11-24,2025-11-24,2025-26,Oral Roberts Golden Eagles,Florida Gulf Coast Eagles,198,526,0,0,,,Scheduled,https://www.espn.com/mens-college-basketball/game/_/gameId/401823229,0,,,,,,False,,,,,,,,,,,,,,
401823216,2025-11-24,2025-11-24,2025-26,Bellarmine Knights,The Citadel Bulldogs,91,2643,0,0,,,Scheduled,https://www.espn.com/mens-college-basketball/game/_/gameId/401823216,0,,,,,,False,,,,,,,,,,,,,,
401822393,2025-11-24,2025-11-24,2025-26,Kansas City Roos,Lindenwood Lions,140,2815,0,0,,,Scheduled,https://www.espn.com/mens-college-basketball/game/_/gameId/401822393,0,,,,,,False,,,,,,,,,,,,,,
401819844,2025-11-24,2025-11-24,2025-26,NJIT Highlanders,Cincinnati Bearcats,2885,2132,0,0,,,Scheduled,https://www.espn.com/mens-college-basketball/game/_/gameId/401819844,0,,,,,,False,,,,,,,,,,,,,,
401812647,2025-11-24,2025-11-24,2025-26,Sacred Heart Pioneers,Central Connecticut Blue Devils,2529,2115,0,0,,,Scheduled,https://www.espn.com/mens-college-basketball/game/_/gameId/401812647,0,,,,,,False,,,,,,,,,,,,,,
401809395,2025-11-24,2025-11-24,2025-26,Princeton Tigers,Bradley Braves,163,71,0,0,,,Scheduled,https://www.espn.com/mens-college-basketball/game/_/gameId/401809395,0,,,,,,False,,,,,,,,,,,,,,
401808896,2025-11-24,2025-11-24,2025-26,New Orleans Privateers,Mississippi State Bulldogs,2443,344,0,0,,,Scheduled,https://www.espn.com/mens-college-basketball/game/_/gameId/401808896,0,,,,,,False,,,,,,,,,,,,,,
401808729,2025-11-24,2025-11-24,2025-26,Murray State Racers,McNeese Cowboys,93,2377,0,0,,,Scheduled,https://www.espn.com/mens-college-basketball/game/_/gameId/401808729,0,,,,,,False,,,,,,,,,,,,,,
401827181,2025-11-24,2025-11-24,2025-26,UT Rio Grande Valley Vaqueros,Illinois Fighting Illini,292,356,0,0,,8.0,Scheduled,https://www.espn.com/mens-college-basketball/game/_/gameId/401827181,0,,,,,,False,,,,,,,,,,,,,,
401823478,2025-11-24,2025-11-24,2025-26,Oregon Ducks,Auburn Tigers,2483,2,0,0,,22.0,Scheduled,https://www.espn.com/mens-college-basketball/game/_/gameId/401823478,0,,,,-200.0,170.0,True,,,,,,,,,,,,,,
401831208,2025-11-24,2025-11-24,2025-26,TBD,TBD,-2,-1,0,0,,,Scheduled,https://www.espn.com/mens-college-basketball/game/_/gameId/401831208,0,,,,,,False,,,,,,,,,,,,,,
401828310,2025-11-24,2025-11-24,2025-26,Jacksonville State,Arkansas State Red Wolves,55,2032,0,0,,,Scheduled,https://www.espn.com/mens-college-basketball/game/_/gameId/401828310,0,,,,,,False,,,,,,,,,,,,,,
401825590,2025-11-24,2025-11-24,2025-26,Cal Poly Mustangs,Northern Arizona Lumberjacks,13,2464,0,0,,,Scheduled,https://www.espn.com/mens-college-basketball/game/_/gameId/401825590,0,,,,,,False,,,,,,,,,,,,,,
401817458,2025-11-24,2025-11-24,2025-26,Radford Highlanders,SMU Mustangs,2515,2567,0,0,,,Scheduled,https://www.espn.com/mens-college-basketball/game/_/gameId/401817458,0,,,,,,False,,,,,,,,,,,,,,
401812357,2025-11-24,2025-11-24,2025-26,Long Island University Sharks,Missouri State Bears,112358,2623,0,0,,,Scheduled,https://www.espn.com/mens-college-basketball/game/_/gameId/401812357,0,,,,,,False,,,,,,,,,,,,,,
401824042,2025-11-24,2025-11-24,2025-26,Loyola Marymount Lions,Florida Atlantic,2351,2226,0,0,,,Scheduled,https://www.espn.com/mens-college-basketball/game/_/gameId/401824042,0,,,,,,False,,,,,,,,,,,,,,
401830410,2025-11-24,2025-11-24,2025-26,Nobel Knights,UC Santa Barbara Gauchos,130201,2540,0,0,,,Scheduled,https://www.espn.com/mens-college-basketball/game/_/gameId/401830410,0,,,,,,False,,,,,,,,0.0,,-40.6,,,,-0.0
401830347,2025-11-24,2025-11-24,2025-26,UTSA Roadrunners,Abilene Christian Wildcats,2636,2000,0,0,,,Scheduled,https://www.espn.com/mens-college-basketball/game/_/gameId/401830347,0,,,,,,False,,,,,,,,,,,,,,
401826089,2025-11-24,2025-11-24,2025-26,Louisiana Ragin' Cajuns,UC Davis Aggies,309,302,0,0,,,Scheduled,https://www.espn.com/mens-college-basketball/game/_/gameId/401826089,0,,,,,,False,,,,,,,,,,,,,,
401824137,2025-11-24,2025-11-24,2025-26,Washington State Cougars,Chaminade Silverswords,265,2124,0,0,,,Scheduled,https://www.espn.com/mens-college-basketball/game/_/gameId/401824137,0,,,,,,False,,,,,,,,,,,,,,
401812263,2025-11-24,2025-11-24,2025-26,Gonzaga Bulldogs,Alabama Crimson Tide,2250,333,0,0,13.0,11.0,Scheduled,https://www.espn.com/mens-college-basketball/game/_/gameId/401812263,0,,,,140.0,-165.0,True,,,,,,,,,,,,,,
401826740,2025-11-24,2025-11-24,2025-26,Denver Pioneers,Arizona Wildcats,2172,12,0,0,,4.0,Scheduled,https://www.espn.com/mens-college-basketball/game/_/gameId/401826740,0,,,,,,False,,,,,,,,,,,,,,
401823764,2025-11-24,2025-11-24,2025-26,San Diego State Aztecs,Michigan Wolverines,21,130,0,0,,7.0,Scheduled,https://www.espn.com/mens-college-basketball/game/_/gameId/401823764,0,,,,,,False,,,,,,,,,,,,,,
401819818,2025-11-24,2025-11-24,2025-26,Arizona State Sun Devils,Texas Longhorns,9,251,0,0,,,Scheduled,https://www.espn.com/mens-college-basketball/game/_/gameId/401819818,0,,,,,,False,,,,,,,,,,,,,,
401824899,2025-11-24,2025-11-24,2025-26,Hawai'i Pacific Sea Warriors,Hawai'i Rainbow Warriors,2269,62,0,0,,,Scheduled,https://www.espn.com/mens-college-basketball/game/_/gameId/401824899,0,,,,,,False,,,,,,,,,,,,,,
401820400,2025-11-24,2025-11-24,2025-26,UNLV Rebels,Maryland Terrapins,2439,120,0,0,,,Scheduled,https://www.espn.com/mens-college-basketball/game/_/gameId/401820400,0,,,,-155.0,135.0,True,,,,,,,,,,,,,,
401831236,2025-11-25,2025-11-25,2025-26,TBD,TBD,-2,-1,0,0,,,Scheduled,https://www.espn.com/mens-college-basketball/game/_/gameId/401831236,0,,,,,,False,,,,,,,,,,,,,,
401830888,2025-11-25,2025-11-25,2025-26,TBD,TBD,-2,-1,0,0,,,Scheduled,https://www.espn.com/mens-college-basketball/game/_/gameId/401830888,0,,,,,,False,,,,,,,,,,,,,,
401820810,2025-11-25,2025-11-25,2025-26,Michigan State Spartans,East Carolina Pirates,127,151,0,0,17.0,,Scheduled,https://www.espn.com/mens-college-basketball/game/_/gameId/401820810,0,,,,,,False,,,,,,,,,,,,,,
401831237,2025-11-25,2025-11-25,2025-26,TBD,TBD,-2,-1,0,0,,,Scheduled,https://www.espn.com/mens-college-basketball/game/_/gameId/401831237,0,,,,,,False,,,,,,,,,,,,,,
401823436,2025-11-25,2025-11-25,2025-26,Tennessee Southern Firehawks,North Alabama Lions,2370,2453,0,0,,,Scheduled,https://www.espn.com/mens-college-basketball/game/_/gameId/401823436,0,,,,,,False,,,,,,,,,,,,,,
401817437,2025-11-25,2025-11-25,2025-26,Rutgers Scarlet Knights,Notre Dame Fighting Irish,164,87,0,0,,,Scheduled,https://www.espn.com/mens-college-basketball/game/_/gameId/401817437,0,,,,,,False,,,,,,,,,,,,,,
401828304,2025-11-25,2025-11-25,2025-26,UNC Greensboro Spartans,Delaware,2430,48,0,0,,,Scheduled,https://www.espn.com/mens-college-basketball/game/_/gameId/401828304,0,,,,,,False,,,,,,,,,,,,,,
401828284,2025-11-25,2025-11-25,2025-26,Tulsa Golden Hurricane,San Jose State,202,23,0,0,,,Scheduled,https://www.espn.com/mens-college-basketball/game/_/gameId/401828284,0,,,,,,False,,,,,,,,,,,,,,
401819875,2025-11-25,2025-11-25,2025-26,Iowa State Cyclones,Creighton Bluejays,66,156,0,0,16.0,,Scheduled,https://www.espn.com/mens-college-basketball/game/_/gameId/401819875,0,,,,360.0,-500.0,True,,,,,,,,,,,,,,
401826815,2025-11-25,2025-11-25,2025-26,East Texas A&M Lions,Army Black Knights,2837,349,0,0,,,Scheduled,https://www.espn.com/mens-college-basketball/game/_/gameId/401826815,0,,,,,,False,,,,,,,,,,,,,,
401831198,2025-11-25,2025-11-25,2025-26,TBD,TBD,-2,-1,0,0,,,Scheduled,https://www.espn.com/mens-college-basketball/game/_/gameId/401831198,0,,,,,,False,,,,,,,,,,,,,,
401830889,2025-11-25,2025-11-25,2025-26,TBD,TBD,-2,-1,0,0,,,Scheduled,https://www.espn.com/mens-college-basketball/game/_/gameId/401830889,0,,,,,,False,,,,,,,,,,,,,,
401829433,2025-11-25,2025-11-25,2025-26,Samford Bulldogs,Georgia State Panthers,2535,2247,0,0,,,Scheduled,https://www.espn.com/mens-college-basketball/game/_/gameId/401829433,0,,,,,,False,,,,,,,,,,,,,,
401817482,2025-11-25,2025-11-25,2025-26,Syracuse Orange,Kansas Jayhawks,183,2305,0,0,,24.0,Scheduled,https://www.espn.com/mens-college-basketball/game/_/gameId/401817482,0,,,,-200.0,170.0,True,,,,,,,,,,,,,,
401817158,2025-11-25,2025-11-25,2025-26,Northern Iowa Panthers,Loyola Chicago Ramblers,2460,2350,0,0,,,Scheduled,https://www.espn.com/mens-college-basketball/game/_/gameId/401817158,0,,,,,,False,,,,,,,,,,,,,,
401828339,2025-11-25,2025-11-25,2025-26,Kennesaw State Owls,Oral Roberts Golden Eagles,338,198,0,0,,,Scheduled,https://www.espn.com/mens-college-basketball/game/_/gameId/401828339,0,,,,,,False,,,,,,,,,,,,,,
401827732,2025-11-25,2025-11-25,2025-26,UTEP Miners,UAB,2638,5,0,0,,,Scheduled,https://www.espn.com/mens-college-basketball/game/_/gameId/401827732,0,,,,,,False,,,,,,,,,,,,,,
401819827,2025-11-25,2025-11-25,2025-26,St. John's Red Storm,Baylor Bears,2599,239,0,0,14.0,,Scheduled,https://www.espn.com/mens-college-basketball/game/_/gameId/401819827,0,,,,200.0,-240.0,True,,,,,,,,,,,,,,
401831234,2025-11-25,2025-11-25,2025-26,TBD,TBD,-2,-1,0,0,,,Scheduled,https://www.espn.com/mens-college-basketball/game/_/gameId/401831234,0,,,,,,False,,,,,,,,,,,,,,
401831196,2025-11-25,2025-11-25,2025-26,TBD,TBD,-2,-1,0,0,,,Scheduled,https://www.espn.com/mens-college-basketball/game/_/gameId/401831196,0,,,,,,False,,,,,,,,,,,,,,
401830890,2025-11-25,2025-11-25,2025-26,TBD,TBD,-2,-1,0,0,,,Scheduled,https://www.espn.com/mens-college-basketball/game/_/gameId/401830890,0,,,,,,False,,,,,,,,,,,,,,
401808730,2025-11-25,2025-11-25,2025-26,Middle Tennessee Blue Raiders,McNeese Cowboys,2393,2377,0,0,,,Scheduled,https://www.espn.com/mens-college-basketball/game/_/gameId/401808730,0,,,,,,False,,,,,,,,,,,,,,
401824812,2025-11-25,2025-11-25,2025-26,Tennessee Volunteers,Houston Cougars,2633,248,0,0,20.0,2.0,Scheduled,https://www.espn.com/mens-college-basketball/game/_/gameId/401824812,0,,,,,145.0,True,,,,,,,,,,,,,,
401817198,2025-11-25,2025-11-25,2025-26,St. Bonaventure Bonnies,North Carolina Tar Heels,179,153,0,0,,18.0,Scheduled,https://www.espn.com/mens-college-basketball/game/_/gameId/401817198,0,,,,,,False,,,,,,,,,,,,,,
401826950,2025-11-25,2025-11-25,2025-26,Utah Valley Wolverines,South Dakota State,3084,2571,0,0,,,Scheduled,https://www.espn.com/mens-college-basketball/game/_/gameId/401826950,0,,,,,,False,,,,,,,,,,,,,,
401820188,2025-11-25,2025-11-25,2025-26,Washington College (MD) Shoremen,Loyola Maryland Greyhounds,2689,2352,0,0,,,Scheduled,https://www.espn.com/mens-college-basketball/game/_/gameId/401820188,0,,,,,,False,,,,,,,,,,,,,,
401813278,2025-11-25,2025-11-25,2025-26,Drexel Dragons,Morgan State Bears,2182,2415,0,0,,,Scheduled,https://www.espn.com/mens-college-basketball/game/_/gameId/401813278,0,,,,,,False,,,,,,,,,,,,,,
401829387,2025-11-25,2025-11-25,2025-26,Tennessee State Tigers,UNC Asheville Bulldogs,2634,2427,0,0,,,Scheduled,https://www.espn.com/mens-college-basketball/game/_/gameId/401829387,0,,,,,,False,,,,,,,,,,,,,,
401827507,2025-11-25,2025-11-25,2025-26,William & Mary Tribe,Abilene Christian Wildcats,2729,2000,0,0,,,Scheduled,https://www.espn.com/mens-college-basketball/game/_/gameId/401827507,0,,,,,,False,,,,,,,,,,,,,,
401823535,2025-11-25,2025-11-25,2025-26,San Diego Toreros,California Baptist Lancers,301,2856,0,0,,,Scheduled,https://www.espn.com/mens-college-basketball/game/_/gameId/401823535,0,,,,,,False,,,,,,,,,,,,,,
401813401,2025-11-25,2025-11-25,2025-26,Mount St. Mary's Mountaineers,Ohio State Buckeyes,116,194,0,0,,,Scheduled,https://www.espn.com/mens-college-basketball/game/_/gameId/401813401,0,,,,,,False,,,,,,,,,,,,,,
401829467,2025-11-25,2025-11-25,2025-26,Omaha Mavericks,James Madison Dukes,2437,256,0,0,,,Scheduled,https://www.espn.com/mens-college-basketball/game/_/gameId/401829467,0,,,,,,False,,,,,,,,,,,,,,
401829392,2025-11-25,2025-11-25,2025-26,Brescia Bearcats,UT Martin Skyhawks,2855,2630,0,0,,,Scheduled,https://www.espn.com/mens-college-basketball/game/_/gameId/401829392,0,,,,,,False,,,,,,,,,,,,,,
401828721,2025-11-25,2025-11-25,2025-26,Virginia-Lynchburg Dragons,Norfolk State Spartans,3229,2450,0,0,,,Scheduled,https://www.espn.com/mens-college-basketball/game/_/gameId/401828721,0,,,,,,False,,,,,,,,,,,,,,
401828683,2025-11-25,2025-11-25,2025-26,Salve Regina Seahawks,New Haven Chargers,2776,2441,0,0,,,Scheduled,https://www.espn.com/mens-college-basketball/game/_/gameId/401828683,0,,,,,,False,,,,,,,,,,,,,,
401827485,2025-11-25,2025-11-25,2025-26,Waynesburg Yellow Jackets,Cleveland State Vikings,2845,325,0,0,,,Scheduled,https://www.espn.com/mens-college-basketball/game/_/gameId/401827485,0,,,,,,False,,,,,,,,,,,,,,
401827061,2025-11-25,2025-11-25,2025-26,North Carolina Central Eagles,South Carolina Upstate Spartans,2428,2908,0,0,,,Scheduled,https://www.espn.com/mens-college-basketball/game/_/gameId/401827061,0,,,,,,False,,,,,,,,,,,,,,
401824359,2025-11-25,2025-11-25,2025-26,Boston University Terriers,Penn State Nittany Lions,104,213,0,0,,,Scheduled,https://www.espn.com/mens-college-basketball/game/_/gameId/401824359,0,,,,,,False,,,,,,,,,,,,,,
401823735,2025-11-25,2025-11-25,2025-26,Cal State Bakersfield Roadrunners,Florida State Seminoles,2934,52,0,0,,,Scheduled,https://www.espn.com/mens-college-basketball/game/_/gameId/401823735,0,,,,,,False,,,,,,,,,,,,,,
401823564,2025-11-25,2025-11-25,2025-26,Old Dominion Monarchs,Villanova Wildcats,295,222,0,0,,,Scheduled,https://www.espn.com/mens-college-basketball/game/_/gameId/401823564,0,,,,,,False,,,,,,,,,,,,,,
401823456,2025-11-25,2025-11-25,2025-26,Adrian Bulldogs,Central Michigan Chippewas,2003,2117,0,0,,,Scheduled,https://www.espn.com/mens-college-basketball/game/_/gameId/401823456,0,,,,,,False,,,,,,,,,,,,,,
401823411,2025-11-25,2025-11-25,2025-26,Wright State Raiders,Stetson Hatters,2750,56,0,0,,,Scheduled,https://www.espn.com/mens-college-basketball/game/_/gameId/401823411,0,,,,,,False,,,,,,,,,,,,,,
401823230,2025-11-25,2025-11-25,2025-26,Rice Owls,Florida Gulf Coast Eagles,242,526,0,0,,,Scheduled,https://www.espn.com/mens-college-basketball/game/_/gameId/401823230,0,,,,,,False,,,,,,,,,,,,,,
401823217,2025-11-25,2025-11-25,2025-26,Houston Christian Huskies,Bellarmine Knights,2277,91,0,0,,,Scheduled,https://www.espn.com/mens-college-basketball/game/_/gameId/401823217,0,,,,,,False,,,,,,,,,,,,,,
401823040,2025-11-25,2025-11-25,2025-26,Hampton Pirates,Maryland Eastern Shore Hawks,2261,2379,0,0,,,Scheduled,https://www.espn.com/mens-college-basketball/game/_/gameId/401823040,0,,,,,,False,,,,,,,,,,,,,,
401822668,2025-11-25,2025-11-25,2025-26,Rutgers-Camden RUTGERS-CAMDEN,Saint Joseph's Hawks,370,2603,0,0,,,Scheduled,https://www.espn.com/mens-college-basketball/game/_/gameId/401822668,0,,,,,,False,,,,,,,,,,,,,,
401822343,2025-11-25,2025-11-25,2025-26,Chicago State Cougars,Purdue Fort Wayne Mastodons,2130,2870,0,0,,,Scheduled,https://www.espn.com/mens-college-basketball/game/_/gameId/401822343,0,,,,,,False,,,,,,,,,,,,,,
401822313,2025-11-25,2025-11-25,2025-26,Dominican (IL) Dominican,Milwaukee Panthers,2936,270,0,0,,,Scheduled,https://www.espn.com/mens-college-basketball/game/_/gameId/401822313,0,,,,,,False,,,,,,,,,,,,,,
401820580,2025-11-25,2025-11-25,2025-26,Quinnipiac Bobcats,UCF,2514,2116,0,0,,,Scheduled,https://www.espn.com/mens-college-basketball/game/_/gameId/401820580,0,,,,,,False,,,,,,,,,,,,,,
401817532,2025-11-25,2025-11-25,2025-26,Campbell Fighting Camels,Wake Forest Demon Deacons,2097,154,0,0,,,Scheduled,https://www.espn.com/mens-college-basketball/game/_/gameId/401817532,0,,,,,,False,,,,,,,,,,,,,,
401813323,2025-11-25,2025-11-25,2025-26,Lehigh Mountain Hawks,Marist Red Foxes,2329,2368,0,0,,,Scheduled,https://www.espn.com/mens-college-basketball/game/_/gameId/401813323,0,,,,,,False,,,,,,,,,,,,,,
401812630,2025-11-25,2025-11-25,2025-26,Coppin State Eagles,Rider Broncs,2154,2520,0,0,,,Scheduled,https://www.espn.com/mens-college-basketball/game/_/gameId/401812630,0,,,,,,False,,,,,,,,,,,,,,
401831235,2025-11-25,2025-11-25,2025-26,TBD,TBD,-2,-1,0,0,,,Scheduled,https://www.espn.com/mens-college-basketball/game/_/gameId/401831235,0,,,,,,False,,,,,,,,,,,,,,
401830891,2025-11-25,2025-11-25,2025-26,TBD,TBD,-2,-1,0,0,,,Scheduled,https://www.espn.com/mens-college-basketball/game/_/gameId/401830891,0,,,,,,False,,,,,,,,,,,,,,
401822358,2025-11-25,2025-11-25,2025-26,Eastern Illinois Panthers,Central Arkansas Bears,2197,2110,0,0,,,Scheduled,https://www.espn.com/mens-college-basketball/game/_/gameId/401822358,0,,,,,,False,,,,,,,,,,,,,,
401820842,2025-11-25,2025-11-25,2025-26,Piedmont Lions,Charleston Southern Buccaneers,2496,2127,0,0,,,Scheduled,https://www.espn.com/mens-college-basketball/game/_/gameId/401820842,0,,,,,,False,,,,,,,,,,,,,,
401817147,2025-11-25,2025-11-25,2025-26,George Washington Revolutionaries,Murray State Racers,45,93,0,0,,,Scheduled,https://www.espn.com/mens-college-basketball/game/_/gameId/401817147,0,,,,,,False,,,,,,,,,,,,,,
401831197,2025-11-25,2025-11-25,2025-26,TBD,TBD,-2,-1,0,0,,,Scheduled,https://www.espn.com/mens-college-basketball/game/_/gameId/401831197,0,,,,,,False,,,,,,,,,,,,,,
401829427,2025-11-25,2025-11-25,2025-26,Mississippi Valley State Delta Devils,Texas A&M Aggies,2400,245,0,0,,,Scheduled,https://www.espn.com/mens-college-basketball/game/_/gameId/401829427,0,,,,,,False,,,,,,,,,,,,,,
401829348,2025-11-25,2025-11-25,2025-26,Southeast Missouri State Redhawks,Cal Poly Mustangs,2546,13,0,0,,,Scheduled,https://www.espn.com/mens-college-basketball/game/_/gameId/401829348,0,,,,,,False,,,,,,,,,,,,,,
401829280,2025-11-25,2025-11-25,2025-26,South Carolina State Bulldogs,Missouri Tigers,2569,142,0,0,,,Scheduled,https://www.espn.com/mens-college-basketball/game/_/gameId/401829280,0,,,,,,False,,,,,,,,,,,,,,
401823503,2025-11-25,2025-11-25,2025-26,Eastern Washington Eagles,North Texas Mean Green,331,249,0,0,,,Scheduled,https://www.espn.com/mens-college-basketball/game/_/gameId/401823503,0,,,,,,False,,,,,,,,,,,,,,
401823464,2025-11-25,2025-11-25,2025-26,Northern Illinois Huskies,Austin Peay Governors,2459,2046,0,0,,,Scheduled,https://www.espn.com/mens-college-basketball/game/_/gameId/401823464,0,,,,,,False,,,,,,,,,,,,,,
401819892,2025-11-25,2025-11-25,2025-26,Kansas State Wildcats,Indiana Hoosiers,2306,84,0,0,,,Scheduled,https://www.espn.com/mens-college-basketball/game/_/gameId/401819892,0,,,,,,False,,,,,,,,,,,,,,
401823479,2025-11-25,2025-11-25,2025-26,Michigan Wolverines,Auburn Tigers,130,2,0,0,7.0,22.0,Scheduled,https://www.espn.com/mens-college-basketball/game/_/gameId/401823479,0,,,,150.0,-175.0,True,,,,,,,,,,,,,,
401827068,2025-11-25,2025-11-25,2025-26,Winthrop Eagles,Nebraska Cornhuskers,2737,158,0,0,,,Scheduled,https://www.espn.com/mens-college-basketball/game/_/gameId/401827068,0,,,,,,False,,,,,,,,,,,,,,
401820226,2025-11-25,2025-11-25,2025-26,New Mexico State,UC Irvine Anteaters,166,300,0,0,,,Scheduled,https://www.espn.com/mens-college-basketball/game/_/gameId/401820226,0,,,,,,False,,,,,,,,,,,,,,
401829491,2025-11-25,2025-11-25,2025-26,UTSA Roadrunners,Georgia Southern Eagles,2636,290,0,0,,,Scheduled,https://www.espn.com/mens-college-basketball/game/_/gameId/401829491,0,,,,,,False,,,,,,,,,,,,,,
401826873,2025-11-25,2025-11-25,2025-26,Oakland Golden Grizzlies,Montana Grizzlies,2473,149,0,0,,,Scheduled,https://www.espn.com/mens-college-basketball/game/_/gameId/401826873,0,,,,,,False,,,,,,,,,,,,,,
401824026,2025-11-25,2025-11-25,2025-26,Portland State Vikings,Utah Tech Trailblazers,2502,3101,0,0,,,Scheduled,https://www.espn.com/mens-college-basketball/game/_/gameId/401824026,0,,,,,,False,,,,,,,,,,,,,,
401824033,2025-11-25,2025-11-25,2025-26,Maryland Terrapins,Gonzaga Bulldogs,120,2250,0,0,,13.0,Scheduled,https://www.espn.com/mens-college-basketball/game/_/gameId/401824033,0,,,,-1200.0,700.0,True,,,,,,,,,,,,,,
401823649,2025-11-25,2025-11-25,2025-26,Ole Miss Rebels,Iowa Hawkeyes,145,2294,0,0,,,Scheduled,https://www.espn.com/mens-college-basketball/game/_/gameId/401823649,0,,,,,,False,,,,,,,,,,,,,,
401813762,2025-11-25,2025-11-25,2025-26,UCLA Bruins,California Golden Bears,26,25,0,0,19.0,,Scheduled,https://www.espn.com/mens-college-basketball/game/_/gameId/401813762,0,,,,,,False,,,,,,,,,,,,,,
401831199,2025-11-25,2025-11-25,2025-26,TBD,TBD,-2,-1,0,0,,,Scheduled,https://www.espn.com/mens-college-basketball/game/_/gameId/401831199,0,,,,,,False,,,,,,,,,,,,,,
401826929,2025-11-25,2025-11-25,2025-26,San Francisco State Gators,Sacramento State Hornets,22,16,0,0,,,Scheduled,https://www.espn.com/mens-college-basketball/game/_/gameId/401826929,0,,,,,,False,,,,,,,,,,,,,,
401823765,2025-11-25,2025-11-25,2025-26,San Diego State Aztecs,Oregon Ducks,21,2483,0,0,,,Scheduled,https://www.espn.com/mens-college-basketball/game/_/gameId/401823765,0,,,,-130.0,,True,,,,,,,,,,,,,,
401812264,2025-11-25,2025-11-25,2025-26,UNLV Rebels,Alabama Crimson Tide,2439,333,0,0,,11.0,Scheduled,https://www.espn.com/mens-college-basketball/game/_/gameId/401812264,0,,,,-1400.0,750.0,True,,,,,,,,,,,,,,
401819910,2025-11-25,2025-11-25,2025-26,Utah Utes,Grand Canyon Lopes,254,2253,0,0,,,Scheduled,https://www.espn.com/mens-college-basketball/game/_/gameId/401819910,0,,,,,,False,,,,,,,,,,,,,,
401831222,2025-11-26,2025-11-26,2025-26,TBD,TBD,-2,-1,0,0,,,Scheduled,https://www.espn.com/mens-college-basketball/game/_/gameId/401831222,0,,,,,,False,,,,,,,,,,,,,,
401831221,2025-11-26,2025-11-26,2025-26,TBD,TBD,-2,-1,0,0,,,Scheduled,https://www.espn.com/mens-college-basketball/game/_/gameId/401831221,0,,,,,,False,,,,,,,,,,,,,,
401831220,2025-11-26,2025-11-26,2025-26,TBD,TBD,-2,-1,0,0,,,Scheduled,https://www.espn.com/mens-college-basketball/game/_/gameId/401831220,0,,,,,,False,,,,,,,,,,,,,,
401831219,2025-11-26,2025-11-26,2025-26,TBD,TBD,-2,-1,0,0,,,Scheduled,https://www.espn.com/mens-college-basketball/game/_/gameId/401831219,0,,,,,,False,,,,,,,,,,,,,,
401831218,2025-11-26,2025-11-26,2025-26,TBD,TBD,-2,-1,0,0,,,Scheduled,https://www.espn.com/mens-college-basketball/game/_/gameId/401831218,0,,,,,,False,,,,,,,,,,,,,,
401831217,2025-11-26,2025-11-26,2025-26,TBD,TBD,-2,-1,0,0,,,Scheduled,https://www.espn.com/mens-college-basketball/game/_/gameId/401831217,0,,,,,,False,,,,,,,,,,,,,,
401831216,2025-11-26,2025-11-26,2025-26,TBD,TBD,-2,-1,0,0,,,Scheduled,https://www.espn.com/mens-college-basketball/game/_/gameId/401831216,0,,,,,,False,,,,,,,,,,,,,,
401830882,2025-11-26,2025-11-26,2025-26,TBD,TBD,-2,-1,0,0,,,Scheduled,https://www.espn.com/mens-college-basketball/game/_/gameId/401830882,0,,,,,,False,,,,,,,,,,,,,,
401823421,2025-11-26,2025-11-26,2025-26,VMI Keydets,Bowling Green Falcons,2678,189,0,0,,,Scheduled,https://www.espn.com/mens-college-basketball/game/_/gameId/401823421,0,,,,,,False,,,,,,,,,,,,,,
401830892,2025-11-26,2025-11-26,2025-26,TBD,TBD,-2,-1,0,0,,,Scheduled,https://www.espn.com/mens-college-basketball/game/_/gameId/401830892,0,,,,,,False,,,,,,,,,,,,,,
401830009,2025-11-26,2025-11-26,2025-26,Misericordia Cougars,Cornell Big Red,111902,172,0,0,,,Scheduled,https://www.espn.com/mens-college-basketball/game/_/gameId/401830009,0,,,,,,False,,,,,,,,,,,,,,
401823362,2025-11-26,2025-11-26,2025-26,Vanderbilt Commodores,Western Kentucky Hilltoppers,238,98,0,0,,,Scheduled,https://www.espn.com/mens-college-basketball/game/_/gameId/401823362,0,,,,,,False,,,,,,,,,,,,,,
401822352,2025-11-26,2025-11-26,2025-26,UMass Lowell River Hawks,Stonehill Skyhawks,2349,284,0,0,,,Scheduled,https://www.espn.com/mens-college-basketball/game/_/gameId/401822352,0,,,,,,False,,,,,,,,,,,,,,
401808897,2025-11-26,2025-11-26,2025-26,New Orleans Privateers,Texas Tech Red Raiders,2443,2641,0,0,,15.0,Scheduled,https://www.espn.com/mens-college-basketball/game/_/gameId/401808897,0,,,,,,False,,,,,,,,,,,,,,
401826941,2025-11-26,2025-11-26,2025-26,Columbia International Rams,Presbyterian Blue Hose,3242,2506,0,0,,,Scheduled,https://www.espn.com/mens-college-basketball/game/_/gameId/401826941,0,,,,,,False,,,,,,,,,,,,,,
401818553,2025-11-26,2025-11-26,2025-26,Brown Bears,New Hampshire Wildcats,225,160,0,0,,,Scheduled,https://www.espn.com/mens-college-basketball/game/_/gameId/401818553,0,,,,,,False,,,,,,,,,,,,,,
401830883,2025-11-26,2025-11-26,2025-26,TBD,TBD,-2,-1,0,0,,,Scheduled,https://www.espn.com/mens-college-basketball/game/_/gameId/401830883,0,,,,,,False,,,,,,,,,,,,,,
401823431,2025-11-26,2025-11-26,2025-26,Buffalo Bulls,Bucknell Bison,2084,2083,0,0,,,Scheduled,https://www.espn.com/mens-college-basketball/game/_/gameId/401823431,0,,,,,,False,,,,,,,,,,,,,,
401830746,2025-11-26,2025-11-26,2025-26,TBD,TBD,-2,-1,0,0,,,Scheduled,https://www.espn.com/mens-college-basketball/game/_/gameId/401830746,0,,,,,,False,,,,,,,,,,,,,,
401830117,2025-11-26,2025-11-26,2025-26,UNC Greensboro Spartans,Miami (OH) RedHawks,2430,193,0,0,,,Scheduled,https://www.espn.com/mens-college-basketball/game/_/gameId/401830117,0,,,,,,False,,,,,,,,,,,,,,
401829046,2025-11-26,2025-11-26,2025-26,Omaha Mavericks,Florida International,2437,2229,0,0,,,Scheduled,https://www.espn.com/mens-college-basketball/game/_/gameId/401829046,0,,,,,,False,,,,,,,,,,,,,,
401823487,2025-11-26,2025-11-26,2025-26,Appalachian St,Mercer Bears,2026,2382,0,0,,,Scheduled,https://www.espn.com/mens-college-basketball/game/_/gameId/401823487,0,,,,,,False,,,,,,,,,,,,,,
401823403,2025-11-26,2025-11-26,2025-26,UIC Flames,Robert Morris Colonials,82,2523,0,0,,,Scheduled,https://www.espn.com/mens-college-basketball/game/_/gameId/401823403,0,,,,,,False,,,,,,,,,,,,,,
401823387,2025-11-26,2025-11-26,2025-26,Wofford Terriers,Northern Kentucky,2747,94,0,0,,,Scheduled,https://www.espn.com/mens-college-basketball/game/_/gameId/401823387,0,,,,,,False,,,,,,,,,,,,,,
401820617,2025-11-26,2025-11-26,2025-26,Mercy Mavericks,Bryant Bulldogs,2384,2803,0,0,,,Scheduled,https://www.espn.com/mens-college-basketball/game/_/gameId/401820617,0,,,,,,False,,,,,,,,,,,,,,
401812666,2025-11-26,2025-11-26,2025-26,Worcester State Lancers,Holy Cross Crusaders,402,107,0,0,,,Scheduled,https://www.espn.com/mens-college-basketball/game/_/gameId/401812666,0,,,,,,False,,,,,,,,,,,,,,
401812288,2025-11-26,2025-11-26,2025-26,Army Black Knights,Fairleigh Dickinson Knights,349,161,0,0,,,Scheduled,https://www.espn.com/mens-college-basketball/game/_/gameId/401812288,0,,,,,,False,,,,,,,,,,,,,,
401831378,2025-11-26,2025-11-26,2025-26,Virginia St Trojans,Delaware State Hornets,330,2169,0,0,,,Scheduled,https://www.espn.com/mens-college-basketball/game/_/gameId/401831378,0,,,,,,False,,,,,,,,,,,,,,
401831200,2025-11-26,2025-11-26,2025-26,TBD,TBD,-2,-1,0,0,,,Scheduled,https://www.espn.com/mens-college-basketball/game/_/gameId/401831200,0,,,,,,False,,,,,,,,,,,,,,
401830893,2025-11-26,2025-11-26,2025-26,TBD,TBD,-2,-1,0,0,,,Scheduled,https://www.espn.com/mens-college-basketball/game/_/gameId/401830893,0,,,,,,False,,,,,,,,,,,,,,
401822738,2025-11-26,2025-11-26,2025-26,VCU,South Florida Bulls,2670,58,0,0,,,Scheduled,https://www.espn.com/mens-college-basketball/game/_/gameId/401822738,0,,,,,,False,,,,,,,,,,,,,,
401828497,2025-11-26,2025-11-26,2025-26,Texas Lutheran Bulldogs,Incarnate Word Cardinals,2639,2916,0,0,,,Scheduled,https://www.espn.com/mens-college-basketball/game/_/gameId/401828497,0,,,,,,False,,,,,,,,,,,,,,
401828311,2025-11-26,2025-11-26,2025-26,North Dakota State,Jacksonville State,2449,55,0,0,,,Scheduled,https://www.espn.com/mens-college-basketball/game/_/gameId/401828311,0,,,,,,False,,,,,,,,,,,,,,
401822333,2025-11-26,2025-11-26,2025-26,Southern Indiana Screaming Eagles,Valparaiso Beacons,88,2674,0,0,,,Scheduled,https://www.espn.com/mens-college-basketball/game/_/gameId/401822333,0,,,,,,False,,,,,,,,,,,,,,
401820227,2025-11-26,2025-11-26,2025-26,Georgia State Panthers,New Mexico State,2247,166,0,0,,,Scheduled,https://www.espn.com/mens-college-basketball/game/_/gameId/401820227,0,,,,,,False,,,,,,,,,,,,,,
401829616,2025-11-26,2025-11-26,2025-26,Oral Roberts Golden Eagles,Rice Owls,198,242,0,0,,,Scheduled,https://www.espn.com/mens-college-basketball/game/_/gameId/401829616,0,,,,,,False,,,,,,,,,,,,,,
401824950,2025-11-26,2025-11-26,2025-26,Lipscomb Bisons,Marshall Thundering Herd,288,276,0,0,,,Scheduled,https://www.espn.com/mens-college-basketball/game/_/gameId/401824950,0,,,,,,False,,,,,,,,,,,,,,
401820153,2025-11-26,2025-11-26,2025-26,Navy Midshipmen,Gardner-Webb Runnin' Bulldogs,2426,2241,0,0,,,Scheduled,https://www.espn.com/mens-college-basketball/game/_/gameId/401820153,0,,,,,,False,,,,,,,,,,,,,,
401812606,2025-11-26,2025-11-26,2025-26,Harvard Crimson,Boston College Eagles,108,103,0,0,,,Scheduled,https://www.espn.com/mens-college-basketball/game/_/gameId/401812606,0,,,,,,False,,,,,,,,,,,,,,
401830747,2025-11-26,2025-11-26,2025-26,TBD,TBD,-2,-1,0,0,,,Scheduled,https://www.espn.com/mens-college-basketball/game/_/gameId/401830747,0,,,,,,False,,,,,,,,,,,,,,
401830915,2025-11-26,2025-11-26,2025-26,TBD,TBD,-2,-1,0,0,,,Scheduled,https://www.espn.com/mens-college-basketball/game/_/gameId/401830915,0,,,,,,False,,,,,,,,,,,,,,
401823860,2025-11-26,2025-11-26,2025-26,Wagner Seahawks,Manhattan Jaspers,2681,2363,0,0,,,Scheduled,https://www.espn.com/mens-college-basketball/game/_/gameId/401823860,0,,,,,,False,,,,,,,,,,,,,,
401817522,2025-11-26,2025-11-26,2025-26,Virginia Tech Hokies,Colorado State Rams,259,36,0,0,,,Scheduled,https://www.espn.com/mens-college-basketball/game/_/gameId/401817522,0,,,,,,False,,,,,,,,,,,,,,
401831201,2025-11-26,2025-11-26,2025-26,TBD,TBD,-2,-1,0,0,,,Scheduled,https://www.espn.com/mens-college-basketball/game/_/gameId/401831201,0,,,,,,False,,,,,,,,,,,,,,
401826951,2025-11-26,2025-11-26,2025-26,Samford Bulldogs,Utah Valley Wolverines,2535,3084,0,0,,,Scheduled,https://www.espn.com/mens-college-basketball/game/_/gameId/401826951,0,,,,,,False,,,,,,,,,,,,,,
401820555,2025-11-26,2025-11-26,2025-26,Northern Colorado Bears,Air Force Falcons,2458,2005,0,0,,,Scheduled,https://www.espn.com/mens-college-basketball/game/_/gameId/401820555,0,,,,,,False,,,,,,,,,,,,,,
401813450,2025-11-26,2025-11-26,2025-26,Central State (OH) Marauders,Duquesne Dukes,2119,2184,0,0,,,Scheduled,https://www.espn.com/mens-college-basketball/game/_/gameId/401813450,0,,,,,,False,,,,,,,,,,,,,,
401823353,2025-11-26,2025-11-26,2025-26,Sam Houston State,Idaho State Bengals,2534,304,0,0,,,Scheduled,https://www.espn.com/mens-college-basketball/game/_/gameId/401823353,0,,,,,,False,,,,,,,,,,,,,,
401826832,2025-11-26,2025-11-26,2025-26,Tennessee Tech Golden Eagles,Kentucky Wildcats,2635,96,0,0,,12.0,Scheduled,https://www.espn.com/mens-college-basketball/game/_/gameId/401826832,0,,,,,,False,,,,,,,,,,,,,,
401831215,2025-11-26,2025-11-26,2025-26,TBD,TBD,-2,-1,0,0,,,Scheduled,https://www.espn.com/mens-college-basketball/game/_/gameId/401831215,0,,,,,,False,,,,,,,,,,,,,,
401830237,2025-11-26,2025-11-26,2025-26,St. Mary's (MD) Seahawks,Howard Bison,117,47,0,0,,,Scheduled,https://www.espn.com/mens-college-basketball/game/_/gameId/401830237,0,,,,,,False,,,,,,,,,,,,,,
401828333,2025-11-26,2025-11-26,2025-26,Houston Christian Huskies,The Citadel Bulldogs,2277,2643,0,0,,,Scheduled,https://www.espn.com/mens-college-basketball/game/_/gameId/401828333,0,,,,,,False,,,,,,,,,,,,,,
401824072,2025-11-26,2025-11-26,2025-26,Pepperdine Waves,Fresno State Bulldogs,2492,278,0,0,,,Scheduled,https://www.espn.com/mens-college-basketball/game/_/gameId/401824072,0,,,,,,False,,,,,,,,,,,,,,
401823591,2025-11-26,2025-11-26,2025-26,SE Louisiana Lions,UNC Wilmington Seahawks,2545,350,0,0,,,Scheduled,https://www.espn.com/mens-college-basketball/game/_/gameId/401823591,0,,,,,,False,,,,,,,,,,,,,,
401823231,2025-11-26,2025-11-26,2025-26,Kennesaw State Owls,Florida Gulf Coast Eagles,338,526,0,0,,,Scheduled,https://www.espn.com/mens-college-basketball/game/_/gameId/401823231,0,,,,,,False,,,,,,,,,,,,,,
401819845,2025-11-26,2025-11-26,2025-26,Eastern Michigan Eagles,Cincinnati Bearcats,2199,2132,0,0,,,Scheduled,https://www.espn.com/mens-college-basketball/game/_/gameId/401819845,0,,,,,,False,,,,,,,,,,,,,,
401818372,2025-11-26,2025-11-26,2025-26,Columbia Lions,Fairfield Stags,171,2217,0,0,,,Scheduled,https://www.espn.com/mens-college-basketball/game/_/gameId/401818372,0,,,,,,False,,,,,,,,,,,,,,
401830894,2025-11-26,2025-11-26,2025-26,TBD,TBD,-2,-1,0,0,,,Scheduled,https://www.espn.com/mens-college-basketball/game/_/gameId/401830894,0,,,,,,False,,,,,,,,,,,,,,
401827007,2025-11-26,2025-11-26,2025-26,College Of Biblical Studies Ambassadors,Texas Southern Tigers,128256,2640,0,0,,,Scheduled,https://www.espn.com/mens-college-basketball/game/_/gameId/401827007,0,,,,,,False,,,,,,,,,,,,,,
401826899,2025-11-26,2025-11-26,2025-26,Indiana State Sycamores,Louisiana Tech,282,2348,0,0,,,Scheduled,https://www.espn.com/mens-college-basketball/game/_/gameId/401826899,0,,,,,,False,,,,,,,,,,,,,,
401826881,2025-11-26,2025-11-26,2025-26,Saint Mary's Gaels,Wichita State Shockers,2608,2724,0,0,,,Scheduled,https://www.espn.com/mens-college-basketball/game/_/gameId/401826881,0,,,,,,False,,,,,,,,,,,,,,
401826798,2025-11-26,2025-11-26,2025-26,Southern Illinois Salukis,Memphis Tigers,79,235,0,0,,,Scheduled,https://www.espn.com/mens-college-basketball/game/_/gameId/401826798,0,,,,,,False,,,,,,,,,,,,,,
401825591,2025-11-26,2025-11-26,2025-26,Southeast Missouri State Redhawks,Northern Arizona Lumberjacks,2546,2464,0,0,,,Scheduled,https://www.espn.com/mens-college-basketball/game/_/gameId/401825591,0,,,,,,False,,,,,,,,,,,,,,
401829475,2025-11-26,2025-11-26,2025-26,South Dakota State,UC Irvine Anteaters,2571,300,0,0,,,Scheduled,https://www.espn.com/mens-college-basketball/game/_/gameId/401829475,0,,,,,,False,,,,,,,,,,,,,,
401823760,2025-11-26,2025-11-26,2025-26,Denver Pioneers,Wyoming Cowboys,2172,2751,0,0,,,Scheduled,https://www.espn.com/mens-college-basketball/game/_/gameId/401823760,0,,,,,,False,,,,,,,,,,,,,,
401817245,2025-11-26,2025-11-26,2025-26,NJIT Highlanders,Louisville Cardinals,2885,97,0,0,,6.0,Scheduled,https://www.espn.com/mens-college-basketball/game/_/gameId/401817245,0,,,,,,False,,,,,,,,,,,,,,
401827155,2025-11-26,2025-11-26,2025-26,Alabama State Hornets,New Mexico Lobos,2011,167,0,0,,,Scheduled,https://www.espn.com/mens-college-basketball/game/_/gameId/401827155,0,,,,,,False,,,,,,,,,,,,,,
401823259,2025-11-26,2025-11-26,2025-26,Cal State Northridge Matadors,Idaho Vandals,2463,70,0,0,,,Scheduled,https://www.espn.com/mens-college-basketball/game/_/gameId/401823259,0,,,,,,False,,,,,,,,,,,,,,
401831214,2025-11-26,2025-11-26,2025-26,TBD,TBD,-2,-1,0,0,,,Scheduled,https://www.espn.com/mens-college-basketball/game/_/gameId/401831214,0,,,,,,False,,,,,,,,,,,,,,
401831202,2025-11-26,2025-11-26,2025-26,TBD,TBD,-2,-1,0,0,,,Scheduled,https://www.espn.com/mens-college-basketball/game/_/gameId/401831202,0,,,,,,False,,,,,,,,,,,,,,
401830744,2025-11-26,2025-11-26,2025-26,TBD,TBD,-2,-1,0,0,,,Scheduled,https://www.espn.com/mens-college-basketball/game/_/gameId/401830744,0,,,,,,False,,,,,,,,,,,,,,
401823309,2025-11-26,2025-11-26,2025-26,Long Beach State Beach,Portland Pilots,299,2501,0,0,,,Scheduled,https://www.espn.com/mens-college-basketball/game/_/gameId/401823309,0,,,,,,False,,,,,,,,,,,,,,
401831203,2025-11-26,2025-11-26,2025-26,TBD,TBD,-2,-1,0,0,,,Scheduled,https://www.espn.com/mens-college-basketball/game/_/gameId/401831203,0,,,,,,False,,,,,,,,,,,,,,
401830745,2025-11-26,2025-11-26,2025-26,TBD,TBD,-2,-1,0,0,,,Scheduled,https://www.espn.com/mens-college-basketball/game/_/gameId/401830745,0,,,,,,False,,,,,,,,,,,,,,
401809397,2025-11-27,2025-11-27,2025-26,Richmond Spiders,Furman Paladins,257,231,0,0,,,Scheduled,https://www.espn.com/mens-college-basketball/game/_/gameId/401809397,0,,,,,,False,,,,,,,,,,,,,,
401830752,2025-11-27,2025-11-27,2025-26,TBD,TBD,-2,-1,0,0,,,Scheduled,https://www.espn.com/mens-college-basketball/game/_/gameId/401830752,0,,,,,,False,,,,,,,,,,,,,,
401817199,2025-11-27,2025-11-27,2025-26,St. Bonaventure Bonnies,East Carolina Pirates,179,151,0,0,,,Scheduled,https://www.espn.com/mens-college-basketball/game/_/gameId/401817199,0,,,,,,False,,,,,,,,,,,,,,
401809398,2025-11-27,2025-11-27,2025-26,Charlotte 49ers,Illinois State Redbirds,2429,2287,0,0,,,Scheduled,https://www.espn.com/mens-college-basketball/game/_/gameId/401809398,0,,,,,,False,,,,,,,,,,,,,,
401819865,2025-11-27,2025-11-27,2025-26,San Francisco Dons,Colorado Buffaloes,2539,38,0,0,,,Scheduled,https://www.espn.com/mens-college-basketball/game/_/gameId/401819865,0,,,,,,False,,,,,,,,,,,,,,
401830753,2025-11-27,2025-11-27,2025-26,TBD,TBD,-2,-1,0,0,,,Scheduled,https://www.espn.com/mens-college-basketball/game/_/gameId/401830753,0,,,,,,False,,,,,,,,,,,,,,
401809047,2025-11-27,2025-11-27,2025-26,TCU Horned Frogs,Florida Gators,2628,57,0,0,,10.0,Scheduled,https://www.espn.com/mens-college-basketball/game/_/gameId/401809047,0,,,,,,False,,,,,,,,,,,,,,
401817267,2025-11-27,2025-11-27,2025-26,North Carolina Tar Heels,Michigan State Spartans,153,127,0,0,18.0,17.0,Scheduled,https://www.espn.com/mens-college-basketball/game/_/gameId/401817267,0,,,,,,False,,,,,,,,,,,,,,
401827268,2025-11-27,2025-11-27,2025-26,Washington Huskies,Nevada Wolf Pack,264,2440,0,0,,,Scheduled,https://www.espn.com/mens-college-basketball/game/_/gameId/401827268,0,,,,,,False,,,,,,,,,,,,,,
401809419,2025-11-27,2025-11-27,2025-26,BYU Cougars,Miami Hurricanes,252,2390,0,0,9.0,,Scheduled,https://www.espn.com/mens-college-basketball/game/_/gameId/401809419,0,,,,,,False,,,,,,,,,,,,,,
401826890,2025-11-27,2025-11-27,2025-26,Wisconsin Badgers,Providence Friars,275,2507,0,0,23.0,,Scheduled,https://www.espn.com/mens-college-basketball/game/_/gameId/401826890,0,,,,,,False,,,,,,,,,,,,,,
401830875,2025-11-27,2025-11-27,2025-26,TBD,TBD,-2,-1,0,0,,,Scheduled,https://www.espn.com/mens-college-basketball/game/_/gameId/401830875,0,,,,,,False,,,,,,,,,,,,,,
401817187,2025-11-27,2025-11-27,2025-26,Santa Clara Broncos,Saint Louis Billikens,2541,139,0,0,,,Scheduled,https://www.espn.com/mens-college-basketball/game/_/gameId/401817187,0,,,,,,False,,,,,,,,,,,,,,
401809396,2025-11-27,2025-11-27,2025-26,Georgetown,Dayton Flyers,46,2168,0,0,,,Scheduled,https://www.espn.com/mens-college-basketball/game/_/gameId/401809396,0,,,,,,False,,,,,,,,,,,,,,
401817234,2025-11-27,2025-11-27,2025-26,Duke Blue Devils,Arkansas Razorbacks,150,8,0,0,5.0,21.0,Scheduled,https://www.espn.com/mens-college-basketball/game/_/gameId/401817234,0,,,,,,False,,,,,,,,,,,,,,
401830754,2025-11-27,2025-11-27,2025-26,TBD,TBD,-2,-1,0,0,,,Scheduled,https://www.espn.com/mens-college-basketball/game/_/gameId/401830754,0,,,,,,False,,,,,,,,,,,,,,
401817469,2025-11-27,2025-11-27,2025-26,Stanford,Minnesota Golden Gophers,24,135,0,0,,,Scheduled,https://www.espn.com/mens-college-basketball/game/_/gameId/401817469,0,,,,,,False,,,,,,,,,,,,,,
401812276,2025-11-27,2025-11-27,2025-26,Oklahoma State Cowboys,Northwestern Wildcats,197,77,0,0,,,Scheduled,https://www.espn.com/mens-college-basketball/game/_/gameId/401812276,0,,,,,,False,,,,,,,,,,,,,,
401830887,2025-11-28,2025-11-28,2025-26,TBD,TBD,-2,-1,0,0,,,Scheduled,https://www.espn.com/mens-college-basketball/game/_/gameId/401830887,0,,,,,,False,,,,,,,,,,,,,,
401830878,2025-11-28,2025-11-28,2025-26,TBD,TBD,-2,-1,0,0,,,Scheduled,https://www.espn.com/mens-college-basketball/game/_/gameId/401830878,0,,,,,,False,,,,,,,,,,,,,,
401822359,2025-11-28,2025-11-28,2025-26,Eastern Illinois Panthers,Purdue Boilermakers,2197,2509,0,0,,1.0,Scheduled,https://www.espn.com/mens-college-basketball/game/_/gameId/401822359,0,,,,,,False,,,,,,,,,,,,,,
401823592,2025-11-28,2025-11-28,2025-26,SE Louisiana Lions,Gardner-Webb Runnin' Bulldogs,2545,2241,0,0,,,Scheduled,https://www.espn.com/mens-college-basketball/game/_/gameId/401823592,0,,,,,,False,,,,,,,,,,,,,,
401817533,2025-11-28,2025-11-28,2025-26,Northeastern Huskies,Wake Forest Demon Deacons,111,154,0,0,,,Scheduled,https://www.espn.com/mens-college-basketball/game/_/gameId/401817533,0,,,,,,False,,,,,,,,,,,,,,
401811096,2025-11-28,2025-11-28,2025-26,Connecticut,Illinois Fighting Illini,41,356,0,0,3.0,8.0,Scheduled,https://www.espn.com/mens-college-basketball/game/_/gameId/401811096,0,,,,,,False,,,,,,,,,,,,,,
401830917,2025-11-28,2025-11-28,2025-26,TBD,TBD,-2,-1,0,0,,,Scheduled,https://www.espn.com/mens-college-basketball/game/_/gameId/401830917,0,,,,,,False,,,,,,,,,,,,,,
401830879,2025-11-28,2025-11-28,2025-26,TBD,TBD,-2,-1,0,0,,,Scheduled,https://www.espn.com/mens-college-basketball/game/_/gameId/401830879,0,,,,,,False,,,,,,,,,,,,,,
401822835,2025-11-28,2025-11-28,2025-26,Siena Saints,Longwood Lancers,2561,2344,0,0,,,Scheduled,https://www.espn.com/mens-college-basketball/game/_/gameId/401822835,0,,,,,,False,,,,,,,,,,,,,,
401830748,2025-11-28,2025-11-28,2025-26,TBD,TBD,-2,-1,0,0,,,Scheduled,https://www.espn.com/mens-college-basketball/game/_/gameId/401830748,0,,,,,,False,,,,,,,,,,,,,,
401829431,2025-11-28,2025-11-28,2025-26,Tennessee Wesleyan Bulldogs,Chattanooga Mocs,2632,236,0,0,,,Scheduled,https://www.espn.com/mens-college-basketball/game/_/gameId/401829431,0,,,,,,False,,,,,,,,,,,,,,
401828915,2025-11-28,2025-11-28,2025-26,Indiana State Sycamores,Alcorn State Braves,282,2016,0,0,,,Scheduled,https://www.espn.com/mens-college-basketball/game/_/gameId/401828915,0,,,,,,False,,,,,,,,,,,,,,
401827486,2025-11-28,2025-11-28,2025-26,Cleveland State Vikings,Missouri Tigers,325,142,0,0,,,Scheduled,https://www.espn.com/mens-college-basketball/game/_/gameId/401827486,0,,,,,,False,,,,,,,,,,,,,,
401824127,2025-11-28,2025-11-28,2025-26,Texas State Bobcats,Seattle U Redhawks,326,2547,0,0,,,Scheduled,https://www.espn.com/mens-college-basketball/game/_/gameId/401824127,0,,,,,,False,,,,,,,,,,,,,,
401823404,2025-11-28,2025-11-28,2025-26,Southern Utah Thunderbirds,Robert Morris Colonials,253,2523,0,0,,,Scheduled,https://www.espn.com/mens-college-basketball/game/_/gameId/401823404,0,,,,,,False,,,,,,,,,,,,,,
401823396,2025-11-28,2025-11-28,2025-26,Holy Cross College (IN) Saints,Purdue Fort Wayne Mastodons,103524,2870,0,0,,,Scheduled,https://www.espn.com/mens-college-basketball/game/_/gameId/401823396,0,,,,,,False,,,,,,,,,,,,,,
401823026,2025-11-28,2025-11-28,2025-26,Oklahoma Sooners,Marquette Golden Eagles,201,269,0,0,,,Scheduled,https://www.espn.com/mens-college-basketball/game/_/gameId/401823026,0,,,,,,False,,,,,,,,,,,,,,
401822322,2025-11-28,2025-11-28,2025-26,Ball State Cardinals,Monmouth Hawks,2050,2405,0,0,,,Scheduled,https://www.espn.com/mens-college-basketball/game/_/gameId/401822322,0,,,,,,False,,,,,,,,,,,,,,
401822182,2025-11-28,2025-11-28,2025-26,Hofstra Pride,La Salle Explorers,2275,2325,0,0,,,Scheduled,https://www.espn.com/mens-college-basketball/game/_/gameId/401822182,0,,,,,,False,,,,,,,,,,,,,,
401820826,2025-11-28,2025-11-28,2025-26,Wright State Raiders,Butler Bulldogs,2750,2086,0,0,,,Scheduled,https://www.espn.com/mens-college-basketball/game/_/gameId/401820826,0,,,,,,False,,,,,,,,,,,,,,
401831223,2025-11-28,2025-11-28,2025-26,TBD,TBD,-2,-1,0,0,,,Scheduled,https://www.espn.com/mens-college-basketball/game/_/gameId/401831223,0,,,,,,False,,,,,,,,,,,,,,
401830916,2025-11-28,2025-11-28,2025-26,TBD,TBD,-2,-1,0,0,,,Scheduled,https://www.espn.com/mens-college-basketball/game/_/gameId/401830916,0,,,,,,False,,,,,,,,,,,,,,
401829463,2025-11-28,2025-11-28,2025-26,North Dakota State,Arkansas State Red Wolves,2449,2032,0,0,,,Scheduled,https://www.espn.com/mens-college-basketball/game/_/gameId/401829463,0,,,,,,False,,,,,,,,,,,,,,
401826748,2025-11-28,2025-11-28,2025-26,Nicholls Colonels,Tulane Green Wave,2447,2655,0,0,,,Scheduled,https://www.espn.com/mens-college-basketball/game/_/gameId/401826748,0,,,,,,False,,,,,,,,,,,,,,
401822344,2025-11-28,2025-11-28,2025-26,Chicago State Cougars,Youngstown State Penguins,2130,2754,0,0,,,Scheduled,https://www.espn.com/mens-college-basketball/game/_/gameId/401822344,0,,,,,,False,,,,,,,,,,,,,,
401820154,2025-11-28,2025-11-28,2025-26,Navy Midshipmen,UNC Wilmington Seahawks,2426,350,0,0,,,Scheduled,https://www.espn.com/mens-college-basketball/game/_/gameId/401820154,0,,,,,,False,,,,,,,,,,,,,,
401829395,2025-11-28,2025-11-28,2025-26,Maine Black Bears,American University Eagles,311,44,0,0,,,Scheduled,https://www.espn.com/mens-college-basketball/game/_/gameId/401829395,0,,,,,,False,,,,,,,,,,,,,,
401829343,2025-11-28,2025-11-28,2025-26,Missouri Baptist Spartans,SIU Edwardsville Cougars,2880,2565,0,0,,,Scheduled,https://www.espn.com/mens-college-basketball/game/_/gameId/401829343,0,,,,,,False,,,,,,,,,,,,,,
401827755,2025-11-28,2025-11-28,2025-26,NJIT Highlanders,Eastern Michigan Eagles,2885,2199,0,0,,,Scheduled,https://www.espn.com/mens-college-basketball/game/_/gameId/401827755,0,,,,,,False,,,,,,,,,,,,,,
401827733,2025-11-28,2025-11-28,2025-26,North Carolina A&T Aggies,Davidson Wildcats,2448,2166,0,0,,,Scheduled,https://www.espn.com/mens-college-basketball/game/_/gameId/401827733,0,,,,,,False,,,,,,,,,,,,,,
401823526,2025-11-28,2025-11-28,2025-26,Jarvis Christian Bulldogs,Abilene Christian Wildcats,2299,2000,0,0,,,Scheduled,https://www.espn.com/mens-college-basketball/game/_/gameId/401823526,0,,,,,,False,,,,,,,,,,,,,,
401820843,2025-11-28,2025-11-28,2025-26,Charleston Southern Buccaneers,South Carolina Gamecocks,2127,2579,0,0,,,Scheduled,https://www.espn.com/mens-college-basketball/game/_/gameId/401820843,0,,,,,,False,,,,,,,,,,,,,,
401817492,2025-11-28,2025-11-28,2025-26,Queens University Royals,Virginia Cavaliers,2511,258,0,0,,,Scheduled,https://www.espn.com/mens-college-basketball/game/_/gameId/401817492,0,,,,,,False,,,,,,,,,,,,,,
401830876,2025-11-28,2025-11-28,2025-26,TBD,TBD,-2,-1,0,0,,,Scheduled,https://www.espn.com/mens-college-basketball/game/_/gameId/401830876,0,,,,,,False,,,,,,,,,,,,,,
401830749,2025-11-28,2025-11-28,2025-26,TBD,TBD,-2,-1,0,0,,,Scheduled,https://www.espn.com/mens-college-basketball/game/_/gameId/401830749,0,,,,,,False,,,,,,,,,,,,,,
401829415,2025-11-28,2025-11-28,2025-26,Lehigh Mountain Hawks,UC Santa Barbara Gauchos,2329,2540,0,0,,,Scheduled,https://www.espn.com/mens-college-basketball/game/_/gameId/401829415,0,,,,,,False,,,,,,,,,,,,,,
401826857,2025-11-28,2025-11-28,2025-26,Le Moyne Dolphins,Lafayette Leopards,2330,322,0,0,,,Scheduled,https://www.espn.com/mens-college-basketball/game/_/gameId/401826857,0,,,,,,False,,,,,,,,,,,,,,
401812578,2025-11-28,2025-11-28,2025-26,Merrimack Warriors,Pennsylvania Quakers,2771,219,0,0,,,Scheduled,https://www.espn.com/mens-college-basketball/game/_/gameId/401812578,0,,,,,,False,,,,,,,,,,,,,,
401830741,2025-11-28,2025-11-28,2025-26,Franklin Pierce Ravens,Fordham Rams,144,2230,0,0,,,Scheduled,https://www.espn.com/mens-college-basketball/game/_/gameId/401830741,0,,,,,,False,,,,,,,,,,,,,,
401826998,2025-11-28,2025-11-28,2025-26,Midwestern State Mustangs,Tarleton State Texans,2395,2627,0,0,,,Scheduled,https://www.espn.com/mens-college-basketball/game/_/gameId/401826998,0,,,,,,False,,,,,,,,,,,,,,
401826710,2025-11-28,2025-11-28,2025-26,Texas A&M Aggies,Florida State Seminoles,245,52,0,0,,,Scheduled,https://www.espn.com/mens-college-basketball/game/_/gameId/401826710,0,,,,,,False,,,,,,,,,,,,,,
401831224,2025-11-28,2025-11-28,2025-26,TBD,TBD,-2,-1,0,0,,,Scheduled,https://www.espn.com/mens-college-basketball/game/_/gameId/401831224,0,,,,,,False,,,,,,,,,,,,,,
401820487,2025-11-28,2025-11-28,2025-26,Texas A&M-Corpus Christi Islanders,Xavier Musketeers,357,2752,0,0,,,Scheduled,https://www.espn.com/mens-college-basketball/game/_/gameId/401820487,0,,,,,,False,,,,,,,,,,,,,,
401830877,2025-11-28,2025-11-28,2025-26,TBD,TBD,-2,-1,0,0,,,Scheduled,https://www.espn.com/mens-college-basketball/game/_/gameId/401830877,0,,,,,,False,,,,,,,,,,,,,,
401823260,2025-11-28,2025-11-28,2025-26,Cal State Northridge Matadors,Idaho State Bengals,2463,304,0,0,,,Scheduled,https://www.espn.com/mens-college-basketball/game/_/gameId/401823260,0,,,,,,False,,,,,,,,,,,,,,
401830750,2025-11-28,2025-11-28,2025-26,TBD,TBD,-2,-1,0,0,,,Scheduled,https://www.espn.com/mens-college-basketball/game/_/gameId/401830750,0,,,,,,False,,,,,,,,,,,,,,
401827173,2025-11-28,2025-11-28,2025-26,Alabama A&M Bulldogs,Clemson Tigers,2010,228,0,0,,,Scheduled,https://www.espn.com/mens-college-basketball/game/_/gameId/401827173,0,,,,,,False,,,,,,,,,,,,,,
401825573,2025-11-28,2025-11-28,2025-26,Georgia Tech Yellow Jackets,DePaul Blue Demons,59,305,0,0,,,Scheduled,https://www.espn.com/mens-college-basketball/game/_/gameId/401825573,0,,,,,,False,,,,,,,,,,,,,,
401817459,2025-11-28,2025-11-28,2025-26,SMU Mustangs,Mississippi State Bulldogs,2567,344,0,0,,,Scheduled,https://www.espn.com/mens-college-basketball/game/_/gameId/401817459,0,,,,,,False,,,,,,,,,,,,,,
401817447,2025-11-28,2025-11-28,2025-26,Ohio State Buckeyes,Pittsburgh Panthers,194,221,0,0,,,Scheduled,https://www.espn.com/mens-college-basketball/game/_/gameId/401817447,0,,,,,,False,,,,,,,,,,,,,,
401828269,2025-11-28,2025-11-28,2025-26,Colgate Raiders,UAlbany Great Danes,2142,399,0,0,,,Scheduled,https://www.espn.com/mens-college-basketball/game/_/gameId/401828269,0,,,,,,False,,,,,,,,,,,,,,
401828662,2025-11-28,2025-11-28,2025-26,Jackson State Tigers,Louisiana Ragin' Cajuns,2296,309,0,0,,,Scheduled,https://www.espn.com/mens-college-basketball/game/_/gameId/401828662,0,,,,,,False,,,,,,,,,,,,,,
401823354,2025-11-28,2025-11-28,2025-26,Sam Houston State,Idaho Vandals,2534,70,0,0,,,Scheduled,https://www.espn.com/mens-college-basketball/game/_/gameId/401823354,0,,,,,,False,,,,,,,,,,,,,,
401830886,2025-11-28,2025-11-28,2025-26,TBD,TBD,-2,-1,0,0,,,Scheduled,https://www.espn.com/mens-college-basketball/game/_/gameId/401830886,0,,,,,,False,,,,,,,,,,,,,,
401830751,2025-11-28,2025-11-28,2025-26,TBD,TBD,-2,-1,0,0,,,Scheduled,https://www.espn.com/mens-college-basketball/game/_/gameId/401830751,0,,,,,,False,,,,,,,,,,,,,,
401828908,2025-11-28,2025-11-28,2025-26,LSU Tigers,Drake Bulldogs,99,2181,0,0,,,Scheduled,https://www.espn.com/mens-college-basketball/game/_/gameId/401828908,0,,,,,,False,,,,,,,,,,,,,,
401824043,2025-11-28,2025-11-28,2025-26,Stony Brook Seawolves,Loyola Marymount Lions,2619,2351,0,0,,,Scheduled,https://www.espn.com/mens-college-basketball/game/_/gameId/401824043,0,,,,,,False,,,,,,,,,,,,,,
401824900,2025-11-28,2025-11-28,2025-26,North Dakota Fighting Hawks,Hawai'i Rainbow Warriors,155,62,0,0,,,Scheduled,https://www.espn.com/mens-college-basketball/game/_/gameId/401824900,0,,,,,,False,,,,,,,,,,,,,,
401827111,2025-11-29,2025-11-29,2025-26,Bethune-Cookman Wildcats,Indiana Hoosiers,2065,84,0,0,,,Scheduled,https://www.espn.com/mens-college-basketball/game/_/gameId/401827111,0,,,,,,False,,,,,,,,,,,,,,
401820155,2025-11-29,2025-11-29,2025-26,SE Louisiana Lions,Navy Midshipmen,2545,2426,0,0,,,Scheduled,https://www.espn.com/mens-college-basketball/game/_/gameId/401820155,0,,,,,,False,,,,,,,,,,,,,,
401831275,2025-11-29,2025-11-29,2025-26,Emerson Lions,UMass Lowell River Hawks,108842,2349,0,0,,,Scheduled,https://www.espn.com/mens-college-basketball/game/_/gameId/401831275,0,,,,,,False,,,,,,,,,,,,,,
401826900,2025-11-29,2025-11-29,2025-26,Alcorn State Braves,Louisiana Tech,2016,2348,0,0,,,Scheduled,https://www.espn.com/mens-college-basketball/game/_/gameId/401826900,0,,,,,,False,,,,,,,,,,,,,,
401823861,2025-11-29,2025-11-29,2025-26,Manhattan Jaspers,Army Black Knights,2363,349,0,0,,,Scheduled,https://www.espn.com/mens-college-basketball/game/_/gameId/401823861,0,,,,,,False,,,,,,,,,,,,,,
401823518,2025-11-29,2025-11-29,2025-26,VMI Keydets,UCF,2678,2116,0,0,,,Scheduled,https://www.espn.com/mens-college-basketball/game/_/gameId/401823518,0,,,,,,False,,,,,,,,,,,,,,
401823388,2025-11-29,2025-11-29,2025-26,Boston University Terriers,Northern Kentucky,104,94,0,0,,,Scheduled,https://www.espn.com/mens-college-basketball/game/_/gameId/401823388,0,,,,,,False,,,,,,,,,,,,,,
401820626,2025-11-29,2025-11-29,2025-26,Maine Black Bears,Longwood Lancers,311,2344,0,0,,,Scheduled,https://www.espn.com/mens-college-basketball/game/_/gameId/401820626,0,,,,,,False,,,,,,,,,,,,,,
401813379,2025-11-29,2025-11-29,2025-26,Detroit Mercy Titans,Niagara Purple Eagles,2174,315,0,0,,,Scheduled,https://www.espn.com/mens-college-basketball/game/_/gameId/401813379,0,,,,,,False,,,,,,,,,,,,,,
401831276,2025-11-29,2025-11-29,2025-26,Dartmouth Big Green,Saint Peter's Peacocks,159,2612,0,0,,,Scheduled,https://www.espn.com/mens-college-basketball/game/_/gameId/401831276,0,,,,,,False,,,,,,,,,,,,,,
401831225,2025-11-29,2025-11-29,2025-26,TBD,TBD,-2,-1,0,0,,,Scheduled,https://www.espn.com/mens-college-basketball/game/_/gameId/401831225,0,,,,,,False,,,,,,,,,,,,,,
401829389,2025-11-29,2025-11-29,2025-26,Tennessee Wesleyan Bulldogs,Tennessee State Tigers,2632,2634,0,0,,,Scheduled,https://www.espn.com/mens-college-basketball/game/_/gameId/401829389,0,,,,,,False,,,,,,,,,,,,,,
401828736,2025-11-29,2025-11-29,2025-26,Carolina University Bruins,North Carolina Central Eagles,108942,2428,0,0,,,Scheduled,https://www.espn.com/mens-college-basketball/game/_/gameId/401828736,0,,,,,,False,,,,,,,,,,,,,,
401828478,2025-11-29,2025-11-29,2025-26,Haskell Jayhawks,Green Bay Phoenix,535,2739,0,0,,,Scheduled,https://www.espn.com/mens-college-basketball/game/_/gameId/401828478,0,,,,,,False,,,,,,,,,,,,,,
401827062,2025-11-29,2025-11-29,2025-26,South Carolina Upstate Spartans,Nebraska Cornhuskers,2908,158,0,0,,,Scheduled,https://www.espn.com/mens-college-basketball/game/_/gameId/401827062,0,,,,,,False,,,,,,,,,,,,,,
401827015,2025-11-29,2025-11-29,2025-26,Southern Jaguars,Northwestern State Demons,2582,2466,0,0,,,Scheduled,https://www.espn.com/mens-college-basketball/game/_/gameId/401827015,0,,,,,,False,,,,,,,,,,,,,,
401826905,2025-11-29,2025-11-29,2025-26,Merrimack Warriors,Hofstra Pride,2771,2275,0,0,,,Scheduled,https://www.espn.com/mens-college-basketball/game/_/gameId/401826905,0,,,,,,False,,,,,,,,,,,,,,
401826833,2025-11-29,2025-11-29,2025-26,Tennessee Tech Golden Eagles,Georgia Bulldogs,2635,61,0,0,,,Scheduled,https://www.espn.com/mens-college-basketball/game/_/gameId/401826833,0,,,,,,False,,,,,,,,,,,,,,
401826752,2025-11-29,2025-11-29,2025-26,Western Carolina Catamounts,High Point Panthers,2717,2272,0,0,,,Scheduled,https://www.espn.com/mens-college-basketball/game/_/gameId/401826752,0,,,,,,False,,,,,,,,,,,,,,
401826702,2025-11-29,2025-11-29,2025-26,James Madison Dukes,George Mason Patriots,256,2244,0,0,,,Scheduled,https://www.espn.com/mens-college-basketball/game/_/gameId/401826702,0,,,,,,False,,,,,,,,,,,,,,
401826055,2025-11-29,2025-11-29,2025-26,Delaware State Hornets,UMBC Retrievers,2169,2378,0,0,,,Scheduled,https://www.espn.com/mens-college-basketball/game/_/gameId/401826055,0,,,,,,False,,,,,,,,,,,,,,
401824862,2025-11-29,2025-11-29,2025-26,Monmouth Hawks,Le Moyne Dolphins,2405,2330,0,0,,,Scheduled,https://www.espn.com/mens-college-basketball/game/_/gameId/401824862,0,,,,,,False,,,,,,,,,,,,,,
401823545,2025-11-29,2025-11-29,2025-26,Southern Utah Thunderbirds,Stetson Hatters,253,56,0,0,,,Scheduled,https://www.espn.com/mens-college-basketball/game/_/gameId/401823545,0,,,,,,False,,,,,,,,,,,,,,
401823378,2025-11-29,2025-11-29,2025-26,Morehead State Eagles,IU Indianapolis Jaguars,2413,85,0,0,,,Scheduled,https://www.espn.com/mens-college-basketball/game/_/gameId/401823378,0,,,,,,False,,,,,,,,,,,,,,
401818533,2025-11-29,2025-11-29,2025-26,Sarah Lawrence Gryphons,Columbia Lions,108862,171,0,0,,,Scheduled,https://www.espn.com/mens-college-basketball/game/_/gameId/401818533,0,,,,,,False,,,,,,,,,,,,,,
401812607,2025-11-29,2025-11-29,2025-26,Bryant Bulldogs,Harvard Crimson,2803,108,0,0,,,Scheduled,https://www.espn.com/mens-college-basketball/game/_/gameId/401812607,0,,,,,,False,,,,,,,,,,,,,,
401812383,2025-11-29,2025-11-29,2025-26,Franciscan University Barons,Saint Francis Red Flash,111170,2598,0,0,,,Scheduled,https://www.espn.com/mens-college-basketball/game/_/gameId/401812383,0,,,,,,False,,,,,,,,,,,,,,
401826072,2025-11-29,2025-11-29,2025-26,Notre Dame (MD) Gators,Radford Highlanders,128342,2515,0,0,,,Scheduled,https://www.espn.com/mens-college-basketball/game/_/gameId/401826072,0,,,,,,False,,,,,,,,,,,,,,
401828334,2025-11-29,2025-11-29,2025-26,Houston Christian Huskies,Georgia Southern Eagles,2277,290,0,0,,,Scheduled,https://www.espn.com/mens-college-basketball/game/_/gameId/401828334,0,,,,,,False,,,,,,,,,,,,,,
401824951,2025-11-29,2025-11-29,2025-26,Lipscomb Bisons,Southeast Missouri State Redhawks,288,2546,0,0,,,Scheduled,https://www.espn.com/mens-college-basketball/game/_/gameId/401824951,0,,,,,,False,,,,,,,,,,,,,,
401823870,2025-11-29,2025-11-29,2025-26,Stephen F. Austin Lumberjacks,UT Arlington Mavericks,2617,250,0,0,,,Scheduled,https://www.espn.com/mens-college-basketball/game/_/gameId/401823870,0,,,,,,False,,,,,,,,,,,,,,
401823593,2025-11-29,2025-11-29,2025-26,Gardner-Webb Runnin' Bulldogs,UNC Wilmington Seahawks,2241,350,0,0,,,Scheduled,https://www.espn.com/mens-college-basketball/game/_/gameId/401823593,0,,,,,,False,,,,,,,,,,,,,,
401823218,2025-11-29,2025-11-29,2025-26,Bellarmine Knights,Northern Illinois Huskies,91,2459,0,0,,,Scheduled,https://www.espn.com/mens-college-basketball/game/_/gameId/401823218,0,,,,,,False,,,,,,,,,,,,,,
401822334,2025-11-29,2025-11-29,2025-26,Western Michigan Broncos,Valparaiso Beacons,2711,2674,0,0,,,Scheduled,https://www.espn.com/mens-college-basketball/game/_/gameId/401822334,0,,,,,,False,,,,,,,,,,,,,,
401826886,2025-11-29,2025-11-29,2025-26,Norfolk State Spartans,Arizona Wildcats,2450,12,0,0,,4.0,Scheduled,https://www.espn.com/mens-college-basketball/game/_/gameId/401826886,0,,,,,,False,,,,,,,,,,,,,,
401830884,2025-11-29,2025-11-29,2025-26,TBD,TBD,-2,-1,0,0,,,Scheduled,https://www.espn.com/mens-college-basketball/game/_/gameId/401830884,0,,,,,,False,,,,,,,,,,,,,,
401829353,2025-11-29,2025-11-29,2025-26,Kentucky State Thorobreds,Southern Indiana Screaming Eagles,2310,88,0,0,,,Scheduled,https://www.espn.com/mens-college-basketball/game/_/gameId/401829353,0,,,,,,False,,,,,,,,,,,,,,
401827069,2025-11-29,2025-11-29,2025-26,South Carolina State Bulldogs,Winthrop Eagles,2569,2737,0,0,,,Scheduled,https://www.espn.com/mens-college-basketball/game/_/gameId/401827069,0,,,,,,False,,,,,,,,,,,,,,
401826934,2025-11-29,2025-11-29,2025-26,Kansas City Roos,Weber State Wildcats,140,2692,0,0,,,Scheduled,https://www.espn.com/mens-college-basketball/game/_/gameId/401826934,0,,,,,,False,,,,,,,,,,,,,,
401825579,2025-11-29,2025-11-29,2025-26,Montana State Bobcats,Utah State Aggies,147,328,0,0,,,Scheduled,https://www.espn.com/mens-college-basketball/game/_/gameId/401825579,0,,,,,,False,,,,,,,,,,,,,,
401824890,2025-11-29,2025-11-29,2025-26,Central Arkansas Bears,East Tennessee State Buccaneers,2110,2193,0,0,,,Scheduled,https://www.espn.com/mens-college-basketball/game/_/gameId/401824890,0,,,,,,False,,,,,,,,,,,,,,
401824853,2025-11-29,2025-11-29,2025-26,Gwynedd-Mercy Griffins,Maryland Eastern Shore Hawks,461,2379,0,0,,,Scheduled,https://www.espn.com/mens-college-basketball/game/_/gameId/401824853,0,,,,,,False,,,,,,,,,,,,,,
401822836,2025-11-29,2025-11-29,2025-26,Siena Saints,American University Eagles,2561,44,0,0,,,Scheduled,https://www.espn.com/mens-college-basketball/game/_/gameId/401822836,0,,,,,,False,,,,,,,,,,,,,,
401813402,2025-11-29,2025-11-29,2025-26,Howard Bison,Mount St. Mary's Mountaineers,47,116,0,0,,,Scheduled,https://www.espn.com/mens-college-basketball/game/_/gameId/401813402,0,,,,,,False,,,,,,,,,,,,,,
401811108,2025-11-29,2025-11-29,2025-26,South Dakota Coyotes,Air Force Falcons,233,2005,0,0,,,Scheduled,https://www.espn.com/mens-college-basketball/game/_/gameId/401811108,0,,,,,,False,,,,,,,,,,,,,,
401831226,2025-11-29,2025-11-29,2025-26,TBD,TBD,-2,-1,0,0,,,Scheduled,https://www.espn.com/mens-college-basketball/game/_/gameId/401831226,0,,,,,,False,,,,,,,,,,,,,,
401822323,2025-11-29,2025-11-29,2025-26,Ball State Cardinals,Lafayette Leopards,2050,322,0,0,,,Scheduled,https://www.espn.com/mens-college-basketball/game/_/gameId/401822323,0,,,,,,False,,,,,,,,,,,,,,
401812579,2025-11-29,2025-11-29,2025-26,La Salle Explorers,Pennsylvania Quakers,2325,219,0,0,,,Scheduled,https://www.espn.com/mens-college-basketball/game/_/gameId/401812579,0,,,,,,False,,,,,,,,,,,,,,
401829403,2025-11-29,2025-11-29,2025-26,SUNY-Oneonta Red Dragons,Colgate Raiders,355,2142,0,0,,,Scheduled,https://www.espn.com/mens-college-basketball/game/_/gameId/401829403,0,,,,,,False,,,,,,,,,,,,,,
401828545,2025-11-29,2025-11-29,2025-26,Wofford Terriers,Eastern Kentucky Colonels,2747,2198,0,0,,,Scheduled,https://www.espn.com/mens-college-basketball/game/_/gameId/401828545,0,,,,,,False,,,,,,,,,,,,,,
401824027,2025-11-29,2025-11-29,2025-26,UC Riverside Highlanders,Utah Tech Trailblazers,27,3101,0,0,,,Scheduled,https://www.espn.com/mens-college-basketball/game/_/gameId/401824027,0,,,,,,False,,,,,,,,,,,,,,
401823446,2025-11-29,2025-11-29,2025-26,Trinity College of Jacksonville Eagles,North Florida Ospreys,3174,2454,0,0,,,Scheduled,https://www.espn.com/mens-college-basketball/game/_/gameId/401823446,0,,,,,,False,,,,,,,,,,,,,,
401823174,2025-11-29,2025-11-29,2025-26,Pepperdine Waves,Cal State Fullerton Titans,2492,2239,0,0,,,Scheduled,https://www.espn.com/mens-college-basketball/game/_/gameId/401823174,0,,,,,,False,,,,,,,,,,,,,,
401823725,2025-11-29,2025-11-29,2025-26,Sacred Heart Pioneers,Penn State Nittany Lions,2529,213,0,0,,,Scheduled,https://www.espn.com/mens-college-basketball/game/_/gameId/401823725,0,,,,,,False,,,,,,,,,,,,,,
401813352,2025-11-29,2025-11-29,2025-26,Buffalo Bulls,Canisius Golden Griffins,2084,2099,0,0,,,Scheduled,https://www.espn.com/mens-college-basketball/game/_/gameId/401813352,0,,,,,,False,,,,,,,,,,,,,,
401830885,2025-11-29,2025-11-29,2025-26,TBD,TBD,-2,-1,0,0,,,Scheduled,https://www.espn.com/mens-college-basketball/game/_/gameId/401830885,0,,,,,,False,,,,,,,,,,,,,,
401830412,2025-11-29,2025-11-29,2025-26,Redlands Bulldogs,Cal Poly Mustangs,29,13,0,0,,,Scheduled,https://www.espn.com/mens-college-basketball/game/_/gameId/401830412,0,,,,,,False,,,,,,,,,,,,,,
401828513,2025-11-29,2025-11-29,2025-26,Our Lady Of The Lake Saints,Lamar Cardinals,3158,2320,0,0,,,Scheduled,https://www.espn.com/mens-college-basketball/game/_/gameId/401828513,0,,,,,,False,,,,,,,,,,,,,,
401825188,2025-11-29,2025-11-29,2025-26,Little Rock Trojans,Southern Illinois Salukis,2031,79,0,0,,,Scheduled,https://www.espn.com/mens-college-basketball/game/_/gameId/401825188,0,,,,,,False,,,,,,,,,,,,,,
401823488,2025-11-29,2025-11-29,2025-26,Mercer Bears,Elon Phoenix,2382,2210,0,0,,,Scheduled,https://www.espn.com/mens-college-basketball/game/_/gameId/401823488,0,,,,,,False,,,,,,,,,,,,,,
401823015,2025-11-29,2025-11-29,2025-26,Penn State-Shenango Nittany Lions,Kent State Golden Flashes,130195,2309,0,0,,,Scheduled,https://www.espn.com/mens-college-basketball/game/_/gameId/401823015,0,,,,,,False,,,,,,,,,,,,,,
401820600,2025-11-29,2025-11-29,2025-26,Milwaukee Panthers,Akron Zips,270,2006,0,0,,,Scheduled,https://www.espn.com/mens-college-basketball/game/_/gameId/401820600,0,,,,,,False,,,,,,,,,,,,,,
401828270,2025-11-29,2025-11-29,2025-26,Fordham Rams,UAlbany Great Danes,2230,399,0,0,,,Scheduled,https://www.espn.com/mens-college-basketball/game/_/gameId/401828270,0,,,,,,False,,,,,,,,,,,,,,
401829478,2025-11-29,2025-11-29,2025-26,Lawrence University Vikings,St. Thomas-Minnesota Tommies,268,2900,0,0,,,Scheduled,https://www.espn.com/mens-college-basketball/game/_/gameId/401829478,0,,,,,,False,,,,,,,,,,,,,,
401829468,2025-11-29,2025-11-29,2025-26,Mid-America Christian Evangels,Omaha Mavericks,3126,2437,0,0,,,Scheduled,https://www.espn.com/mens-college-basketball/game/_/gameId/401829468,0,,,,,,False,,,,,,,,,,,,,,
401826920,2025-11-29,2025-11-29,2025-26,Regis (CO) REGIS UNIVERSITY,Northern Colorado Bears,2518,2458,0,0,,,Scheduled,https://www.espn.com/mens-college-basketball/game/_/gameId/401826920,0,,,,,,False,,,,,,,,,,,,,,
401824065,2025-11-29,2025-11-29,2025-26,Sacramento State Hornets,Pacific Tigers,16,279,0,0,,,Scheduled,https://www.espn.com/mens-college-basketball/game/_/gameId/401824065,0,,,,,,False,,,,,,,,,,,,,,
401823536,2025-11-29,2025-11-29,2025-26,California Baptist Lancers,Oregon State Beavers,2856,204,0,0,,,Scheduled,https://www.espn.com/mens-college-basketball/game/_/gameId/401823536,0,,,,,,False,,,,,,,,,,,,,,
401822324,2025-11-30,2025-11-30,2025-26,Le Moyne Dolphins,Ball State Cardinals,2330,2050,0,0,,,Scheduled,https://www.espn.com/mens-college-basketball/game/_/gameId/401822324,0,,,,,,False,,,,,,,,,,,,,,
401822183,2025-11-30,2025-11-30,2025-26,Merrimack Warriors,La Salle Explorers,2771,2325,0,0,,,Scheduled,https://www.espn.com/mens-college-basketball/game/_/gameId/401822183,0,,,,,,False,,,,,,,,,,,,,,
401828684,2025-11-30,2025-11-30,2025-26,Mitchell College Mariners,New Haven Chargers,108838,2441,0,0,,,Scheduled,https://www.espn.com/mens-college-basketball/game/_/gameId/401828684,0,,,,,,False,,,,,,,,,,,,,,
401828271,2025-11-30,2025-11-30,2025-26,SUNY-Oneonta Red Dragons,UAlbany Great Danes,355,399,0,0,,,Scheduled,https://www.espn.com/mens-college-basketball/game/_/gameId/401828271,0,,,,,,False,,,,,,,,,,,,,,
401822669,2025-11-30,2025-11-30,2025-26,Saint Joseph's Hawks,Princeton Tigers,2603,163,0,0,,,Scheduled,https://www.espn.com/mens-college-basketball/game/_/gameId/401822669,0,,,,,,False,,,,,,,,,,,,,,
401820627,2025-11-30,2025-11-30,2025-26,Siena Saints,Maine Black Bears,2561,311,0,0,,,Scheduled,https://www.espn.com/mens-college-basketball/game/_/gameId/401820627,0,,,,,,False,,,,,,,,,,,,,,
401812648,2025-11-30,2025-11-30,2025-26,Johnson & Wales (RI) Griffins,Central Connecticut Blue Devils,353,2115,0,0,,,Scheduled,https://www.espn.com/mens-college-basketball/game/_/gameId/401812648,0,,,,,,False,,,,,,,,,,,,,,
401826735,2025-11-30,2025-11-30,2025-26,Appalachian St,UNC Asheville Bulldogs,2026,2427,0,0,,,Scheduled,https://www.espn.com/mens-college-basketball/game/_/gameId/401826735,0,,,,,,False,,,,,,,,,,,,,,
401831376,2025-11-30,2025-11-30,2025-26,South Alabama Jaguars,UTSA Roadrunners,6,2636,0,0,,,Scheduled,https://www.espn.com/mens-college-basketball/game/_/gameId/401831376,0,,,,,,False,,,,,,,,,,,,,,
401829388,2025-11-30,2025-11-30,2025-26,Tennessee State Tigers,Chattanooga Mocs,2634,236,0,0,,,Scheduled,https://www.espn.com/mens-college-basketball/game/_/gameId/401829388,0,,,,,,False,,,,,,,,,,,,,,
401827508,2025-11-30,2025-11-30,2025-26,Old Dominion Monarchs,William & Mary Tribe,295,2729,0,0,,,Scheduled,https://www.espn.com/mens-college-basketball/game/_/gameId/401827508,0,,,,,,False,,,,,,,,,,,,,,
401823405,2025-11-30,2025-11-30,2025-26,Stetson Hatters,Robert Morris Colonials,56,2523,0,0,,,Scheduled,https://www.espn.com/mens-college-basketball/game/_/gameId/401823405,0,,,,,,False,,,,,,,,,,,,,,
401823191,2025-11-30,2025-11-30,2025-26,New Hampshire Wildcats,Fairfield Stags,160,2217,0,0,,,Scheduled,https://www.espn.com/mens-college-basketball/game/_/gameId/401823191,0,,,,,,False,,,,,,,,,,,,,,
401820581,2025-11-30,2025-11-30,2025-26,Stonehill Skyhawks,Quinnipiac Bobcats,284,2514,0,0,,,Scheduled,https://www.espn.com/mens-college-basketball/game/_/gameId/401820581,0,,,,,,False,,,,,,,,,,,,,,
401818302,2025-11-30,2025-11-30,2025-26,Yale Bulldogs,Vermont Catamounts,43,261,0,0,,,Scheduled,https://www.espn.com/mens-college-basketball/game/_/gameId/401818302,0,,,,,,False,,,,,,,,,,,,,,
401809079,2025-11-30,2025-11-30,2025-26,Cornell Big Red,Bucknell Bison,172,2083,0,0,,,Scheduled,https://www.espn.com/mens-college-basketball/game/_/gameId/401809079,0,,,,,,False,,,,,,,,,,,,,,
401824863,2025-11-30,2025-11-30,2025-26,Monmouth Hawks,Lafayette Leopards,2405,322,0,0,,,Scheduled,https://www.espn.com/mens-college-basketball/game/_/gameId/401824863,0,,,,,,False,,,,,,,,,,,,,,
401812580,2025-11-30,2025-11-30,2025-26,Hofstra Pride,Pennsylvania Quakers,2275,219,0,0,,,Scheduled,https://www.espn.com/mens-college-basketball/game/_/gameId/401812580,0,,,,,,False,,,,,,,,,,,,,,
401819901,2025-11-30,2025-11-30,2025-26,Wyoming Cowboys,Texas Tech Red Raiders,2751,2641,0,0,,15.0,Scheduled,https://www.espn.com/mens-college-basketball/game/_/gameId/401819901,0,,,,,,False,,,,,,,,,,,,,,
401823326,2025-11-30,2025-11-30,2025-26,Northeastern State RiverHawks,Missouri State Bears,196,2623,0,0,,,Scheduled,https://www.espn.com/mens-college-basketball/game/_/gameId/401823326,0,,,,,,False,,,,,,,,,,,,,,
401819918,2025-11-30,2025-11-30,2025-26,Mercyhurst Lakers,West Virginia Mountaineers,2385,277,0,0,,,Scheduled,https://www.espn.com/mens-college-basketball/game/_/gameId/401819918,0,,,,,,False,,,,,,,,,,,,,,
401829404,2025-11-30,2025-11-30,2025-26,Fordham Rams,Colgate Raiders,2230,2142,0,0,,,Scheduled,https://www.espn.com/mens-college-basketball/game/_/gameId/401829404,0,,,,,,False,,,,,,,,,,,,,,
401827174,2025-11-30,2025-11-30,2025-26,Alabama A&M Bulldogs,Coastal Carolina Chanticleers,2010,324,0,0,,,Scheduled,https://www.espn.com/mens-college-basketball/game/_/gameId/401827174,0,,,,,,False,,,,,,,,,,,,,,
401817200,2025-11-30,2025-11-30,2025-26,St. Bonaventure Bonnies,Florida Atlantic,179,2226,0,0,,,Scheduled,https://www.espn.com/mens-college-basketball/game/_/gameId/401817200,0,,,,,,False,,,,,,,,,,,,,,
401811970,2025-11-30,2025-11-30,2025-26,Belmont Bruins,Charleston Cougars,2057,232,0,0,,,Scheduled,https://www.espn.com/mens-college-basketball/game/_/gameId/401811970,0,,,,,,False,,,,,,,,,,,,,,
401831380,2025-11-30,2025-11-30,2025-26,St. Ambrose Fighting Bees,Western Illinois Leathernecks,2591,2710,0,0,,,Scheduled,https://www.espn.com/mens-college-basketball/game/_/gameId/401831380,0,,,,,,False,,,,,,,,,,,,,,
401827042,2025-11-30,2025-11-30,2025-26,Prairie View A&M Panthers,North Texas Mean Green,2504,249,0,0,,,Scheduled,https://www.espn.com/mens-college-basketball/game/_/gameId/401827042,0,,,,,,False,,,,,,,,,,,,,,
401826993,2025-11-30,2025-11-30,2025-26,Longwood Lancers,American University Eagles,2344,44,0,0,,,Scheduled,https://www.espn.com/mens-college-basketball/game/_/gameId/401826993,0,,,,,,False,,,,,,,,,,,,,,
401826942,2025-11-30,2025-11-30,2025-26,The Citadel Bulldogs,Presbyterian Blue Hose,2643,2506,0,0,,,Scheduled,https://www.espn.com/mens-college-basketball/game/_/gameId/401826942,0,,,,,,False,,,,,,,,,,,,,,
401829326,2025-11-30,2025-11-30,2025-26,UC Irvine Anteaters,San Jose State,300,23,0,0,,,Scheduled,https://www.espn.com/mens-college-basketball/game/_/gameId/401829326,0,,,,,,False,,,,,,,,,,,,,,
401823310,2025-11-30,2025-11-30,2025-26,San Diego Toreros,Long Beach State Beach,301,299,0,0,,,Scheduled,https://www.espn.com/mens-college-basketball/game/_/gameId/401823310,0,,,,,,False,,,,,,,,,,,,,,
401823736,2025-11-30,2025-11-30,2025-26,Cal State Bakersfield Roadrunners,Fresno State Bulldogs,2934,278,0,0,,,Scheduled,https://www.espn.com/mens-college-basketball/game/_/gameId/401823736,0,,,,,,False,,,,,,,,,,,,,,
401820189,2025-11-30,2025-11-30,2025-26,Coppin State Eagles,Loyola Maryland Greyhounds,2154,2352,0,0,,,Scheduled,https://www.espn.com/mens-college-basketball/game/_/gameId/401820189,0,,,,,,False,,,,,,,,,,,,,,
